"","SampleID","Site","LitterOrigin","MicrobialOrigin","Replicate","Timepoint","Date","Collection","FullBag","EmptyBag","BagDiff","EmptyContainer","FullContainer","ContainerDiff","DNAWetWeight","HydrolyticWetWeight","OxidativeWetWeight","BactWetWeight","LitterWetWeight","LitterDryWeight","WetLitterPlusEnvWeight","EnvWeight","DryLitterPlusEnvWeight","HyphaeWetWeight","Sample","Type","Rep","DryToWet","Initial.Mass","Wet.Mass.Rem","Wet.Mass.Rem2","Mass.loss"
"41","1C01","1:Desert","Grassland","Sterile",1,1,"4/6/16","4/5/16",10.2,5.92,4.28,50.44,54.67,4.23,NA,NA,NA,0.12,1.03,0.9,2.57,1.54,2.44,0.1,"1C","C",1,0.87378640776699,5,4.23,4.28,26.0776699029126
"42","1C02","1:Desert","Grassland","Sterile",2,1,"4/6/16","4/5/16",9.52,5.99,3.53,50.45,54.76,4.31,NA,NA,NA,0.1,1.03,0.9,2.58,1.55,2.45,0.1,"1C","C",2,0.87378640776699,5,4.31,3.53,24.6796116504855
"43","1C03","1:Desert","Grassland","Sterile",3,1,"4/6/16","4/5/16",10.19,5.8,4.39,50.3,54.69,4.39,NA,NA,NA,0.1,1.1,0.96,2.65,1.55,2.51,0.12,"1C","C",3,0.872727272727273,5,4.39,4.39,23.3745454545455
"44","1C04","1:Desert","Grassland","Sterile",4,1,"4/6/16","4/5/16",10.07,5.87,4.2,50.66,54.78,4.12,NA,NA,NA,0.12,1.05,0.93,2.6,1.55,2.48,0.11,"1C","C",4,0.885714285714286,5,4.12,4.2,27.0171428571428
"45","1C05","1:Desert","Grassland","Sterile",5,1,"4/6/16","4/5/16",10.2593,5.9099,4.3494,47.88,52.2699,4.3899,NA,NA,NA,0.1019,0.9962,0.85,2.5662,1.57,2.42,0.1028,"1C","C",5,0.853242320819113,5,4.3899,4.3494,25.0870307167236
"46","1D01","1:Desert","Grassland","1:Desert",1,1,"4/6/16","4/5/16",10.014,5.6,4.414,47.88,52.01,4.13,0.0502,0.4094,0.2018,0.1019,1.0408,0.88,2.5508,1.51,2.39,0.1021,"1D","D",1,0.845503458877786,5,4.13,4.414,30.1614142966949
"47","1D02","1:Desert","Grassland","1:Desert",2,1,"4/6/16","4/5/16",9.6316,6.1517,3.4799,47.58,51.7622,4.1822,0.0502,0.4017,0.2073,0.1046,1.0231,0.88,2.5331,1.51,2.39,0.1047,"1D","D",2,0.860130974489297,5,4.1822,3.4799,28.0552047698172
"48","1D03","1:Desert","Grassland","1:Desert",3,1,"4/6/16","4/5/16",10.235,5.9274,4.3076,47.92,53.1212,5.2012,0.0506,0.4044,0.2041,0.1053,1.0751,0.91,2.6251,1.55,2.46,0.1063,"1D","D",3,0.846432889963724,5,4.3076,4.3076,27.0781136638452
"49","1D04","1:Desert","Grassland","1:Desert",4,1,"4/6/16","4/5/16",10.3172,5.8793,4.4379,47.51,51.9965,4.4865,0.0501,0.4023,0.204,0.107,1.015,0.89,2.545,1.53,2.42,0.1058,"1D","D",4,0.876847290640394,5,4.4865,4.4379,21.3204926108374
"50","1G02","1:Desert","Grassland","3:Grassland",2,1,"4/6/16","4/5/16",10.0523,5.7992,4.2531,48.11,52.3968,4.2868,0.0504,0.4172,0.2086,0.1167,1.0414,0.91,2.5914,1.55,2.46,0.1172,"1G","G",2,0.87382369886691,5,4.2868,4.2531,25.0818513539466
"51","1G03","1:Desert","Grassland","3:Grassland",3,1,"4/6/16","4/5/16",10.1536,5.8184,4.3352,48.19,52.4482,4.2582,0.0503,0.4197,0.2124,0.1122,1.1418,1.02,2.6818,1.54,2.56,0.1098,"1G","G",3,0.893326326852338,5,4.2582,4.3352,23.9207566999474
"52","1G04","1:Desert","Grassland","3:Grassland",4,1,"4/6/16","4/5/16",10.0757,5.72,4.3557,47.57,51.9457,4.3757,0.0503,0.4095,0.2032,0.1172,1.1705,1.04,2.7105,1.54,2.58,0.102,"1G","G",4,0.888509184109355,5,4.3757,4.3557,22.2430072618539
"53","1L01","1:Desert","Desert","In-situ",1,1,"4/6/16","4/5/16",5.74,3.88,1.86,50.77,52.6,1.83,NA,NA,NA,0.12,1.05,0.92,2.52,1.47,2.39,0.11,"1L","L",1,0.876190476190476,2,1.83,1.86,19.8285714285715
"54","1L02","1:Desert","Desert","In-situ",2,1,"4/6/16","4/5/16",5.72,3.88,1.84,50.55,52.37,1.82,NA,NA,NA,0.12,1.03,0.93,2.51,1.48,2.41,0.11,"1L","L",2,0.902912621359223,2,1.82,1.84,17.8349514563107
"55","1L03","1:Desert","Desert","In-situ",3,1,"4/6/16","4/5/16",5.66,3.83,1.83,50.58,52.37,1.79,NA,NA,NA,0.12,1.16,1.03,2.64,1.48,2.51,0.11,"1L","L",3,0.887931034482759,2,1.79,1.83,20.5301724137931
"56","1L04","1:Desert","Desert","In-situ",4,1,"4/6/16","4/5/16",5.68,3.86,1.82,50.79,52.43,1.64,NA,NA,NA,0.11,1.17,1.05,2.65,1.48,2.53,0.1,"1L","L",4,0.897435897435898,2,1.64,1.82,26.4102564102564
"57","1N01","1:Desert","Desert","In-situ closed",1,1,"4/6/16","4/5/16",6.0133,4.165,1.8483,50.61,51,0.39,NA,NA,NA,0.1225,0.9871,0.88,2.4771,1.49,2.37,0.1277,"1N","N",1,0.891500354574005,2,1.8483,1.8483,17.6119947320434
"58","1N02","1:Desert","Desert","In-situ closed",2,1,"4/6/16","4/5/16",7.49,5.6,1.89,50.53,52.37,1.84,NA,NA,NA,0.11,1.05,0.94,2.51,1.46,2.4,0.12,"1N","N",2,0.895238095238095,2,1.84,1.89,17.6380952380954
"59","1N03","1:Desert","Desert","In-situ closed",3,1,"4/6/16","4/5/16",7.68,5.855,1.825,50.62,52.55,1.93,NA,NA,NA,0.1187,0.9971,0.89,2.4671,1.47,2.36,0.1147,"1N","N",3,0.892588506669341,2,1.93,1.825,13.8652091064086
"60","1N04","1:Desert","Desert","In-situ closed",4,1,"4/6/16","4/5/16",7.73,5.81,1.92,50.91,52.89,1.98,NA,NA,NA,0.11,1.12,0.99,2.59,1.47,2.46,0.1286,"1N","N",4,0.883928571428571,2,1.98,1.92,12.4910714285713
"61","1P01","1:Desert","Grassland","4:Pine-Oak",1,1,"4/6/16","4/5/16",10.2165,5.7615,4.455,47.35,53.204,5.854,0.0506,0.4074,0.2073,0.1063,1.1303,1.01,2.6603,1.53,2.54,0.0976,"1P","P",1,0.89356807927099,5,4.455,4.455,20.3830841369548
"62","1P02","1:Desert","Grassland","4:Pine-Oak",2,1,"4/6/16","4/5/16",10.167,5.7689,4.3981,48.15,52.4948,4.3448,0.0497,0.4021,0.2095,0.109,1.2819,1.13,2.7919,1.51,2.64,0.1043,"1P","P",2,0.881504017474062,5,4.3448,4.3981,23.4008268975739
"63","1P03","1:Desert","Grassland","4:Pine-Oak",3,1,"4/6/16","4/5/16",10.042,5.5796,4.4624,48.88,53.3442,4.4642,0.0509,0.4181,0.2103,0.1048,1.0127,0.89,2.5227,1.51,2.4,0.1075,"1P","P",3,0.878838747901649,5,4.4642,4.4624,21.5337612323492
"64","1P04","1:Desert","Grassland","4:Pine-Oak",4,1,"4/6/16","4/5/16",10.2663,5.7742,4.4921,48.84,53.3308,4.4908,0.0506,0.4033,0.2148,0.1182,1.2191,1.05,2.7491,1.53,2.58,0.1168,"1P","P",4,0.861291116397342,5,4.4908,4.4921,22.6422770896563
"65","1S01","1:Desert","Grassland","5:Subalpine",1,1,"4/6/16","4/5/16",10.2695,5.8217,4.4478,48.98,53.4133,4.4333,0.0501,0.41,0.218,0.1101,1.2128,1.05,2.7828,1.57,2.62,0.1143,"1S","S",1,0.865765171503958,5,4.4333,4.4478,23.23606530343
"66","1S02","1:Desert","Grassland","5:Subalpine",2,1,"4/6/16","4/5/16",10.3872,5.9651,4.4221,47.94,52.3674,4.4274,0.0503,0.4171,0.2086,0.1167,1.356,1.2,2.866,1.51,2.71,0.1036,"1S","S",2,0.884955752212389,5,4.42740000000001,4.4221,21.6389380530972
"67","1S03","1:Desert","Grassland","5:Subalpine",3,1,"4/6/16","4/5/16",10.2302,5.645,4.5852,47.43,51.6135,4.1835,0.0506,0.3997,0.1879,0.1112,0.6052,0.49,2.1152,1.51,2,0.1063,"1S","S",3,0.80964970257766,5,4.1835,4.5852,32.2566093853271
"68","1S04","1:Desert","Grassland","5:Subalpine",4,1,"4/6/16","4/5/16",10.267,5.4213,4.8457,47.98,52.241,4.261,0.0494,0.4106,0.1925,0.0999,1.2189,1.08,2.7089,1.49,2.57,0.0958,"1S","S",4,0.886044794486832,5,4.261,4.8457,24.4912626138321
"69","1W01","1:Desert","Grassland","2:Scrubland",1,1,"4/6/16","4/5/16",10.2971,6.0409,4.2562,47.44,51.7701,4.3301,0.0509,0.4057,0.2101,0.1028,1.2359,1.09,2.7659,1.53,2.62,0.1012,"1W","W",1,0.881948377700461,5,4.3301,4.2562,23.6215065943846
"70","1W02","1:Desert","Grassland","2:Scrubland",2,1,"4/6/16","4/5/16",10.0399,5.7857,4.2542,48.21,52.417,4.207,0.0494,0.4005,0.1952,0.1037,1.0454,0.93,2.5854,1.54,2.47,0.101,"1W","W",2,0.88961163191123,5,4.207,4.2542,25.1480772909891
"71","1W03","1:Desert","Grassland","2:Scrubland",3,1,"4/6/16","4/5/16",10.185,5.8447,4.3403,48.82,51.6977,2.8777,0.0501,0.402,0.2111,0.1099,1.1065,0.96,2.6565,1.55,2.51,0.1047,"1W","W",3,0.867600542250339,5,4.3403,4.3403,24.6870673294171
"72","1W04","1:Desert","Grassland","2:Scrubland",4,1,"4/6/16","4/5/16",9.8606,5.4905,4.3701,48.05,52.4289,4.3789,0.0493,0.4311,0.2374,0.1329,1.0847,0.97,2.6347,1.55,2.52,0.1102,"1W","W",4,0.8942564764451,5,4.3789,4.3701,21.682806305891
"73","2C01","3:Grassland","Grassland","Sterile",1,1,"4/6/16","4/5/16",8.841,5.948,2.893,50.76,53.827,3.067,NA,NA,NA,0.109,1.014,0.86,2.554,1.54,2.4,0.109,"2C","C",1,0.848126232741617,5,3.067,2.893,47.9759368836292
"74","2C02","3:Grassland","Grassland","Sterile",2,1,"4/6/16","4/5/16",8.943,5.693,3.25,50.66,53.902,3.242,NA,NA,NA,0.105,1.023,0.89,2.533,1.51,2.4,0.104,"2C","C",2,0.869990224828935,5,3.242,3.25,43.5898338220918
"75","2C03","3:Grassland","Grassland","Sterile",3,1,"4/6/16","4/5/16",9.326,6.114,3.212,50.49,53.703,3.213,NA,NA,NA,0.103,1.012,0.87,2.512,1.5,2.37,0.103,"2C","C",3,0.859683794466403,5,3.213,3.212,44.7567193675889
"76","2C04","3:Grassland","Grassland","Sterile",4,1,"4/6/16","4/5/16",9.263,6.04,3.223,50.84,54.013,3.173,NA,NA,NA,0.106,1.009,0.87,2.489,1.48,2.35,0.108,"2C","C",4,0.862239841427156,5,3.17299999999999,3.223,45.2822596630328
"77","2D01","3:Grassland","Grassland","1:Desert",1,1,"4/6/16","4/5/16",9.486,5.85,3.636,48.23,51.871,3.641,0.051,0.404,0.216,0.118,1.003,0.85,2.513,1.51,2.36,0.101,"2D","D",1,0.847457627118644,5,3.64100000000001,3.636,38.2881355932202
"78","2D02","3:Grassland","Grassland","1:Desert",2,1,"4/6/16","4/5/16",9.482,5.903,3.579,47.95,51.46,3.51,0.0497,0.412,0.205,0.119,1.004,0.86,2.534,1.53,2.39,0.108,"2D","D",2,0.856573705179283,5,3.51,3.579,39.8685258964144
"79","2D03","3:Grassland","Grassland","1:Desert",3,1,"4/6/16","4/5/16",9.229,5.714,3.515,47.86,51.34,3.48,0.0494,0.43,0.22,0.1,1.04,0.88,2.56,1.52,2.4,0.11,"2D","D",3,0.846153846153846,5,3.48,3.515,41.1076923076922
"80","2D04","3:Grassland","Grassland","1:Desert",4,1,"4/6/16","4/5/16",9.311,5.754,3.557,49.11,52.642,3.532,0.0502,0.416,0.22,0.11,1.322,1.15,2.842,1.52,2.67,0.1,"2D","D",4,0.869894099848714,5,3.532,3.557,38.5506807866868
"81","2G01","3:Grassland","Grassland","3:Grassland",1,1,"4/6/16","4/5/16",8.636,5.905,2.731,47.28,49.996,2.716,0.0498,0.409,0.2,0.108,1.014,0.86,2.544,1.53,2.39,0.104,"2G","G",1,0.848126232741617,5,2.716,2.731,53.9297830374753
"82","2G02","3:Grassland","Grassland","3:Grassland",2,1,"4/6/16","4/5/16",9.223,5.695,3.528,47.47,51.006,3.536,0.0497,0.4,0.2,0.099,1.134,0.98,2.664,1.53,2.51,0.102,"2G","G",2,0.864197530864198,5,3.536,3.528,38.8839506172839
"83","2G03","3:Grassland","Grassland","3:Grassland",3,1,"4/6/16","4/5/16",NA,5.86,NA,48.27,52.803,4.533,0.0506,0.393,0.224,0.113,1.028,0.86,2.538,1.51,2.37,0.104,"2G","G",3,0.836575875486381,5,4.53299999999999,NA,24.1560311284048
"84","2G04","3:Grassland","Grassland","3:Grassland",4,1,"4/6/16","4/5/16",NA,5.89,NA,47.47,50.764,3.294,0.0498,0.419,0.255,0.146,1.08,0.94,2.61,1.53,2.47,0.145,"2G","G",4,0.87037037037037,5,3.294,NA,42.6599999999999
"85","2L01","3:Grassland","Grassland","In-situ",1,1,"4/6/16","4/5/16",5.264,3.9,1.364,50.38,51.766,1.386,NA,NA,NA,0.103,0.999,0.85,2.499,1.5,2.35,0.101,"2L","L",1,0.850850850850851,2,1.386,1.364,41.0360360360362
"86","2L02","3:Grassland","Grassland","In-situ",2,1,"4/6/16","4/5/16",5.48,3.926,1.554,50.85,52.406,1.556,NA,NA,NA,0.104,1.062,0.91,2.572,1.51,2.42,0.096,"2L","L",2,0.856873822975518,2,1.556,1.554,33.3352165725048
"87","2L03","3:Grassland","Grassland","In-situ",3,1,"4/6/16","4/5/16",5.185,3.79,1.395,50.73,52.144,1.414,NA,NA,NA,0.105,1.032,0.88,2.522,1.49,2.37,0.107,"2L","L",3,0.852713178294574,2,1.414,1.395,39.7131782945736
"88","2L04","3:Grassland","Grassland","In-situ",4,1,"4/6/16","4/5/16",5.62,4.225,1.395,50.81,52.151,1.341,NA,NA,NA,0.105,1.061,0.94,2.541,1.48,2.42,0.1,"2L","L",4,0.885956644674835,2,1.341,1.395,40.5966069745523
"89","2N01","3:Grassland","Grassland","In-situ closed",1,1,"4/6/16","4/5/16",7.11,5.792,1.318,50.8,52.254,1.454,NA,NA,NA,0.098,0.479,0.37,1.949,1.47,1.84,0.113,"2N","N",1,0.772442588726514,2,1.454,1.318,43.8434237995824
"90","2N02","3:Grassland","Grassland","In-situ closed",2,1,"4/6/16","4/5/16",7.793,6.297,1.496,50.57,52.094,1.524,NA,NA,NA,0.099,1.016,0.86,2.496,1.48,2.34,0.104,"2N","N",2,0.846456692913386,2,1.524,1.496,35.5
"91","2N03","3:Grassland","Grassland","In-situ closed",3,1,"4/6/16","4/5/16",7.257,5.738,1.519,50.43,51.993,1.563,NA,NA,NA,0.106,1,0.86,2.51,1.51,2.37,0.108,"2N","N",3,0.86,2,1.563,1.519,32.7909999999999
"92","2N04","3:Grassland","Grassland","In-situ closed",4,1,"4/6/16","4/5/16",7.149,5.59,1.559,50.64,52.224,1.584,NA,NA,NA,0.107,1.107,0.87,2.587,1.48,2.35,0.103,"2N","N",4,0.785907859078591,2,1.584,1.559,37.7560975609758
"93","2P01","3:Grassland","Grassland","4:Pine-Oak",1,1,"4/6/16","4/5/16",9.562,6.156,3.406,47.9,51.252,3.352,0.0505,0.4,0.22,0.1,1.014,0.88,2.534,1.52,2.4,0.1,"2P","P",1,0.867850098619329,5,3.352,3.406,41.8193293885601
"94","2P02","3:Grassland","Grassland","4:Pine-Oak",2,1,"4/6/16","4/5/16",9.233,6.058,3.175,48.06,51.153,3.093,0.0499,0.41,0.2,0.1,1.003,0.87,2.483,1.48,2.35,0.1,"2P","P",2,0.867397806580259,5,3.093,3.175,46.3427716849452
"95","2P03","3:Grassland","Grassland","4:Pine-Oak",3,1,"4/6/16","4/5/16",8.6,5.779,2.821,47.41,50.202,2.792,0.0501,0.412,0.199,0.102,1.004,0.84,2.484,1.48,2.32,0.1,"2P","P",3,0.836653386454183,5,2.792,2.821,53.2812749003984
"96","2P04","3:Grassland","Grassland","4:Pine-Oak",4,1,"4/6/16","4/5/16",9.093,6.035,3.058,48.1,51.168,3.068,0.0508,0.403,0.199,0.102,1.021,0.86,2.511,1.49,2.35,0.104,"2P","P",4,0.842311459353575,5,3.068,3.058,48.3157688540647
"97","2S01","3:Grassland","Grassland","5:Subalpine",1,1,"4/6/16","4/5/16",9.256,6.086,3.17,49.01,52.092,3.082,0.0508,0.406,0.198,0.099,1.011,0.86,2.501,1.49,2.35,0.105,"2S","S",1,0.850642927794263,5,3.082,3.17,47.5663699307616
"98","2S02","3:Grassland","Grassland","5:Subalpine",2,1,"4/6/16","4/5/16",8.989,5.943,3.046,48.81,51.859,3.049,0.0503,0.406,0.206,0.108,1,0.85,2.48,1.48,2.33,0.109,"2S","S",2,0.85,5,3.049,3.046,48.167
"99","2S03","3:Grassland","Grassland","5:Subalpine",3,1,"4/6/16","4/5/16",9.36,5.917,3.443,48.14,51.512,3.372,0.0512,0.406,0.206,0.101,1.011,0.87,2.501,1.49,2.36,0.1,"2S","S",3,0.86053412462908,5,3.372,3.443,41.9655786350148
"100","2S04","3:Grassland","Grassland","5:Subalpine",4,1,"4/6/16","4/5/16",9.305,5.923,3.382,48.92,52.283,3.363,0.0502,0.399,0.202,0.101,1.017,0.88,2.487,1.47,2.35,0.106,"2S","S",4,0.865290068829892,5,3.363,3.382,41.8005899705015
"101","2W01","3:Grassland","Grassland","2:Scrubland",1,1,"4/6/16","4/5/16",8.421,5.927,2.494,48.08,50.533,2.453,0.0509,0.403,0.224,0.13,1.06,0.89,2.62,1.56,2.45,0.1,"2W","W",1,0.839622641509434,5,2.453,2.494,58.8081132075471
"102","2W02","3:Grassland","Grassland","2:Scrubland",2,1,"4/6/16","4/5/16",NA,5.76,NA,48.26,NA,NA,0.0492,0.437,0.243,0.135,1.131,0.95,2.701,1.57,2.52,0.138,"2W","W",2,0.839964633068081,5,NA,NA,NA
"103","2W03","3:Grassland","Grassland","2:Scrubland",3,1,"4/6/16","4/5/16",8.91,5.971,2.939,48.22,51.134,2.914,0.0503,0.4,0.21,0.11,1.1,0.97,2.64,1.54,2.51,0.1,"2W","W",3,0.881818181818182,5,2.914,2.939,48.6076363636363
"104","2W04","3:Grassland","Grassland","2:Scrubland",4,1,"4/6/16","4/5/16",9.192,5.948,3.244,49.11,52.3,3.19,0.0504,0.41,0.21,0.11,1.019,0.87,2.559,1.54,2.41,0.11,"2W","W",4,0.853778213935231,5,3.19,3.244,45.5289499509323
"105","3C01","4:Pine-Oak","Grassland","Sterile",1,1,"4/6/16","4/5/16",9.19,5.66,3.53,50.69,54.2,3.51,NA,NA,NA,0.12,1.12,0.98,2.65,1.53,2.51,0.12,"3C","C",1,0.875,5,3.51000000000001,3.53,38.5749999999999
"106","3C02","4:Pine-Oak","Grassland","Sterile",2,1,"4/6/16","4/5/16",9.14,5.64,3.5,50.79,54.25,3.46,NA,NA,NA,0.13,1,0.85,2.5,1.52,2.37,0.1,"3C","C",2,0.85,5,3.46,3.5,41.18
"107","3C03","4:Pine-Oak","Grassland","Sterile",3,1,"4/6/16","4/5/16",9.22,5.63,3.59,50.5,54.04,3.54,NA,NA,NA,0.1,1.09,0.95,2.61,1.52,2.47,0.1,"3C","C",3,0.871559633027523,5,3.54,3.59,38.2935779816514
"108","3C04","4:Pine-Oak","Grassland","Sterile",4,1,"4/6/16","4/5/16",9.54,5.93,3.61,50.7,54.28,3.58,NA,NA,NA,0.11,1.02,0.88,2.54,1.52,2.4,0.1,"3C","C",4,0.862745098039216,5,3.58,3.61,38.2274509803922
"109","3D01","4:Pine-Oak","Grassland","1:Desert",1,1,"4/6/16","4/5/16",9.5,5.88,3.62,47.31,50.91,3.6,0.0498,0.41,0.21,0.11,1.11,0.96,2.61,1.5,2.46,0.1,"3D","D",1,0.864864864864865,5,3.59999999999999,3.62,37.7297297297298
"110","3D02","4:Pine-Oak","Grassland","1:Desert",2,1,"4/6/16","4/5/16",9.34,5.98,3.36,48.04,51.31,3.27,0.0501,0.4,0.21,0.11,1.02,0.87,2.52,1.5,2.37,0.12,"3D","D",2,0.852941176470588,5,3.27,3.36,44.2176470588235
"111","3D03","4:Pine-Oak","Grassland","1:Desert",3,1,"4/6/16","4/5/16",9.54,6.17,3.37,48.72,51.96,3.24,0.0499,0.4,0.22,0.12,1.04,0.89,2.56,1.52,2.41,0.1,"3D","D",3,0.855769230769231,5,3.24,3.37,44.5461538461538
"112","3D04","4:Pine-Oak","Grassland","1:Desert",4,1,"4/6/16","4/5/16",9.41,5.97,3.44,48.2,51.56,3.36,0.0496,0.4,0.22,0.12,1.07,0.93,2.59,1.52,2.45,0.13,"3D","D",4,0.869158878504673,5,3.36,3.44,41.592523364486
"113","3G01","4:Pine-Oak","Grassland","3:Grassland",1,1,"4/6/16","4/5/16",9.31,6.06,3.25,49.18,52.4,3.22,0.0502,0.41,0.21,0.14,1.1,0.94,2.6,1.5,2.44,0.11,"3G","G",1,0.854545454545454,5,3.22,3.25,44.9672727272728
"114","3G02","4:Pine-Oak","Grassland","3:Grassland",2,1,"4/6/16","4/5/16",9.49,6.02,3.47,47.86,51.31,3.45,0.0508,0.4,0.22,0.1,1.02,0.88,2.52,1.5,2.38,0.1,"3G","G",2,0.862745098039216,5,3.45,3.47,40.4705882352941
"115","3G03","4:Pine-Oak","Grassland","3:Grassland",3,1,"4/6/16","4/5/16",9.47,6.19,3.28,47.89,51.13,3.24,0.05,0.41,0.22,0.11,1.09,0.93,2.58,1.49,2.42,0.1,"3G","G",3,0.853211009174312,5,3.24,3.28,44.7119266055046
"116","3G04","4:Pine-Oak","Grassland","3:Grassland",4,1,"4/6/16","4/5/16",9.59,6.33,3.26,49.19,52.44,3.25,0.051,0.42,0.22,0.1,1,0.87,2.5,1.5,2.37,0.11,"3G","G",4,0.87,5,3.25,3.26,43.45
"117","3L01","4:Pine-Oak","Oak Pine","In-situ",1,1,"4/6/16","4/5/16",5.5,3.74,1.76,51.07,52.82,1.75,NA,NA,NA,0.1,1.05,0.9,2.52,1.47,2.37,0.1,"3L","L",1,0.857142857142857,2,1.75,1.76,25
"118","3L02","4:Pine-Oak","Oak Pine","In-situ",2,1,"4/6/16","4/5/16",5.63,3.87,1.76,50.92,52.66,1.74,NA,NA,NA,0.12,1.16,1.02,2.64,1.48,2.5,0.13,"3L","L",2,0.879310344827586,2,1.73999999999999,1.76,23.5000000000002
"119","3L03","4:Pine-Oak","Oak Pine","In-situ",3,1,"4/6/16","4/5/16",5.56,3.75,1.81,50.38,52.18,1.8,NA,NA,NA,0.1,1.05,0.9,2.54,1.49,2.39,0.11,"3L","L",3,0.857142857142857,2,1.8,1.81,22.857142857143
"120","3L04","4:Pine-Oak","Oak Pine","In-situ",4,1,"4/6/16","4/5/16",5.4,3.66,1.74,50.45,52.16,1.71,NA,NA,NA,0.1,1.08,0.94,2.57,1.49,2.43,0.11,"3L","L",4,0.87037037037037,2,1.70999999999999,1.74,25.5833333333336
"121","3N01","4:Pine-Oak","Oak Pine","In-situ closed",1,1,"4/6/16","4/5/16",7.55,5.71,1.84,50.82,52.64,1.82,NA,NA,NA,0.12,1.02,0.85,2.52,1.5,2.35,0.11,"3N","N",1,0.833333333333333,2,1.82,1.84,24.1666666666667
"122","3N02","4:Pine-Oak","Oak Pine","In-situ closed",2,1,"4/6/16","4/5/16",7.49,5.68,1.81,50.77,52.56,1.79,NA,NA,NA,0.11,1.04,0.88,2.55,1.51,2.39,0.11,"3N","N",2,0.846153846153846,2,1.79,1.81,24.2692307692308
"123","3N03","4:Pine-Oak","Oak Pine","In-situ closed",3,1,"4/6/16","4/5/16",7.39,5.58,1.81,50.48,52.29,1.81,NA,NA,NA,0.11,1.08,0.95,2.59,1.51,2.46,0.1,"3N","N",3,0.87962962962963,2,1.81,1.81,20.3935185185184
"124","3N04","4:Pine-Oak","Oak Pine","In-situ closed",4,1,"4/6/16","4/5/16",7.48,5.68,1.8,50.67,52.45,1.78,NA,NA,NA,0.11,1.05,0.9,2.56,1.51,2.41,0.1,"3N","N",4,0.857142857142857,2,1.78,1.8,23.7142857142857
"125","3P01","4:Pine-Oak","Grassland","4:Pine-Oak",1,1,"4/6/16","4/5/16",9.22,5.75,3.47,48.74,52.18,3.44,0.0496,0.41,0.22,0.12,1.02,0.86,2.52,1.5,2.36,0.14,"3P","P",1,0.843137254901961,5,3.44,3.47,41.9921568627451
"126","3P02","4:Pine-Oak","Grassland","4:Pine-Oak",2,1,"4/6/16","4/5/16",9.52,6.11,3.41,48.16,51.52,3.36,0.0496,0.41,0.21,0.1,1.06,0.9,2.6,1.54,2.44,0.1,"3P","P",2,0.849056603773585,5,3.36000000000001,3.41,42.943396226415
"127","3P03","4:Pine-Oak","Grassland","4:Pine-Oak",3,1,"4/6/16","4/5/16",9.39,5.78,3.61,47.57,51.15,3.58,0.0498,0.41,0.21,0.1,1.17,0.99,2.73,1.56,2.55,0.1,"3P","P",3,0.846153846153846,5,3.58,3.61,39.4153846153847
"128","3P04","4:Pine-Oak","Grassland","4:Pine-Oak",4,1,"4/6/16","4/5/16",9.67,6.02,3.65,47.93,50.42,2.49,0.0504,0.42,0.21,0.1,1.03,0.91,2.53,1.5,2.41,0.1,"3P","P",4,0.883495145631068,5,3.65,3.65,35.504854368932
"129","3S01","4:Pine-Oak","Grassland","5:Subalpine",1,1,"4/6/16","4/5/16",9.59,5.98,3.61,48.77,52.37,3.6,0.0504,0.4,0.21,0.1,1.19,1.01,2.69,1.5,2.51,0.1,"3S","S",1,0.848739495798319,5,3.59999999999999,3.61,38.8907563025211
"130","3S02","4:Pine-Oak","Grassland","5:Subalpine",2,1,"4/6/16","4/5/16",9.4,5.8,3.6,47.36,50.98,3.62,0.0504,0.42,0.2,0.1,1.02,0.84,2.52,1.5,2.34,0.1,"3S","S",2,0.823529411764706,5,3.62,3.6,40.3764705882353
"131","3S03","4:Pine-Oak","Grassland","5:Subalpine",3,1,"4/6/16","4/5/16",9.46,5.79,3.67,48.06,51.7,3.64,0.0495,0.4,0.2,0.1,1.15,1.02,2.64,1.49,2.51,0.1,"3S","S",3,0.886956521739131,5,3.64,3.67,35.4295652173913
"132","3S04","4:Pine-Oak","Grassland","5:Subalpine",4,1,"4/6/16","4/5/16",9.53,6.06,3.47,47.64,51.09,3.45,0.0503,0.41,0.21,0.1,1.02,0.87,2.51,1.49,2.36,0.1,"3S","S",4,0.852941176470588,5,3.45,3.47,41.1470588235294
"133","3W01","4:Pine-Oak","Grassland","2:Scrubland",1,1,"4/6/16","4/5/16",9.61,6.05,3.56,49.03,52.53,3.5,0.0502,0.41,0.22,0.11,1.04,0.9,2.59,1.55,2.45,0.1,"3W","W",1,0.865384615384615,5,3.5,3.56,39.4230769230769
"134","3W02","4:Pine-Oak","Grassland","2:Scrubland",2,1,"4/6/16","4/5/16",9.26,5.83,3.43,47.41,50.8,3.39,0.0504,0.41,0.2,0.11,1.09,0.94,2.67,1.58,2.52,0.11,"3W","W",2,0.862385321100917,5,3.39,3.43,41.5302752293578
"135","3W03","4:Pine-Oak","Grassland","2:Scrubland",3,1,"4/6/16","4/5/16",9.48,6.08,3.4,47.93,51.12,3.19,0.0508,0.41,0.22,0.1,1.13,0.98,2.7,1.57,2.55,0.11,"3W","W",3,0.867256637168142,5,3.19,3.4,44.6690265486726
"136","3W04","4:Pine-Oak","Grassland","2:Scrubland",4,1,"4/6/16","4/5/16",9.5,6.37,3.13,49.11,52.2,3.09,0.051,0.42,0.21,0.11,0.99,0.9,2.55,1.56,2.46,0.11,"3W","W",4,0.909090909090909,5,3.09,3.13,43.8181818181817
"137","4C01","2:Scrubland","Grassland","Sterile",1,1,"4/6/16","4/5/16",9.57,5.61,3.96,51.01,54.85,3.84,NA,NA,NA,0.1,1.33,1.2,2.85,1.52,2.72,0.11,"4C","C",1,0.902255639097744,5,3.84,3.96,30.7067669172932
"138","4C02","2:Scrubland","Grassland","Sterile",2,1,"4/6/16","4/5/16",10.1,6.05,4.05,50.76,54.72,3.96,NA,NA,NA,0.11,1.02,0.91,2.52,1.5,2.41,0.11,"4C","C",2,0.892156862745098,5,3.96,4.05,29.3411764705882
"139","4C03","2:Scrubland","Grassland","Sterile",3,1,"4/6/16","4/5/16",9.65,5.82,3.83,50.7,54.49,3.79,NA,NA,NA,0.1,1.03,0.94,2.55,1.52,2.46,0.1,"4C","C",3,0.912621359223301,5,3.79,3.83,30.8233009708738
"140","4C04","2:Scrubland","Grassland","Sterile",4,1,"4/6/16","4/5/16",9.77,5.89,3.88,50.44,54.2,3.76,NA,NA,NA,0.11,1.08,0.94,2.58,1.5,2.44,0.1,"4C","C",4,0.87037037037037,5,3.76000000000001,3.88,34.5481481481481
"141","4D01","2:Scrubland","Grassland","1:Desert",1,1,"4/6/16","4/5/16",10.07,5.98,4.09,47.38,51.4,4.02,0.0504,0.4,0.2,0.1,1.01,0.86,2.53,1.52,2.38,0.1,"4D","D",1,0.851485148514851,5,4.02,4.09,31.540594059406
"142","4D02","2:Scrubland","Grassland","1:Desert",2,1,"4/6/16","4/5/16",10.35,6,4.35,48.28,52.54,4.26,0.0505,0.4,0.2,0.12,1.07,0.92,2.61,1.54,2.46,0.11,"4D","D",2,0.85981308411215,5,4.26,4.35,26.7439252336449
"143","4D03","2:Scrubland","Grassland","1:Desert",3,1,"4/6/16","4/5/16",9.81,5.93,3.88,49.04,52.84,3.8,0.0508,0.41,0.2,0.11,1.07,0.92,2.61,1.54,2.46,0.11,"4D","D",3,0.85981308411215,5,3.8,3.88,34.6542056074766
"144","4D04","2:Scrubland","Grassland","1:Desert",4,1,"4/6/16","4/5/16",9.83,5.89,3.94,47.6,51.45,3.85,0.0503,0.41,0.21,0.1,1.05,0.88,2.62,1.57,2.45,0.1,"4D","D",4,0.838095238095238,5,3.85,3.94,35.4666666666666
"145","4G01","2:Scrubland","Grassland","3:Grassland",1,1,"4/6/16","4/5/16",10.07,6.3,3.77,47.43,51.12,3.69,0.0509,0.4,0.21,0.1,1.01,0.87,2.49,1.48,2.35,0.11,"4G","G",1,0.861386138613861,5,3.69,3.77,36.4297029702971
"146","4G02","2:Scrubland","Grassland","3:Grassland",2,1,"4/6/16","4/5/16",10.09,6.15,3.94,48.21,52.15,3.94,0.0507,0.4,0.21,0.11,1.05,0.92,2.55,1.5,2.42,0.11,"4G","G",2,0.876190476190476,5,3.94,3.94,30.9561904761905
"147","4G03","2:Scrubland","Grassland","3:Grassland",3,1,"4/6/16","4/5/16",9.92,6.02,3.9,47.39,51.18,3.79,0.0505,0.4,0.2,0.11,1.03,0.89,2.53,1.5,2.39,0.11,"4G","G",3,0.864077669902913,5,3.79,3.9,34.5029126213592
"148","4G04","2:Scrubland","Grassland","3:Grassland",4,1,"4/6/16","4/5/16",8.64,5.78,2.86,48.66,51.42,2.76,0.0513,0.41,0.21,0.11,1.01,0.86,2.5,1.49,2.35,0.12,"4G","G",4,0.851485148514851,5,2.76000000000001,2.86,52.9980198019801
"149","4L01","2:Scrubland","Woodland","In-situ",1,1,"4/6/16","4/5/16",5.63,3.96,1.67,50.57,52.2,1.63,NA,NA,NA,0.11,1.07,0.97,2.58,1.51,2.48,0.13,"4L","L",1,0.906542056074766,2,1.63,1.67,26.1168224299064
"150","4L02","2:Scrubland","Woodland","In-situ",2,1,"4/6/16","4/5/16",5.83,3.97,1.86,50.89,52.7,1.81,NA,NA,NA,0.1,1.07,0.93,2.58,1.51,2.44,0.1,"4L","L",2,0.869158878504673,2,1.81,1.86,21.341121495327
"151","4L03","2:Scrubland","Woodland","In-situ",3,1,"4/6/16","4/5/16",5.65,3.89,1.76,50.69,52.4,1.71,NA,NA,NA,0.1,0.97,0.85,2.49,1.52,2.37,0.1,"4L","L",3,0.876288659793814,2,1.71,1.76,25.0773195876288
"152","4L04","2:Scrubland","Woodland","In-situ",4,1,"4/6/16","4/5/16",5.67,3.93,1.74,50.66,52.37,1.71,NA,NA,NA,0.13,1.1,1,2.6,1.5,2.5,0.12,"4L","L",4,0.909090909090909,2,1.71,1.74,22.2727272727272
"153","4N01","2:Scrubland","Woodland","In-situ closed",1,1,"4/6/16","4/5/16",7.62,5.83,1.79,50.72,52.47,1.75,NA,NA,NA,0.1,1.02,0.9,2.52,1.5,2.4,0.1,"4N","N",1,0.882352941176471,2,1.75,1.79,22.7941176470588
"154","4N02","2:Scrubland","Woodland","In-situ closed",2,1,"4/6/16","4/5/16",7.93,6.13,1.8,50.67,52.413,1.743,NA,NA,NA,0.13,1.19,1.08,2.7,1.51,2.59,0.12,"4N","N",2,0.907563025210084,2,1.74299999999999,1.8,20.9058823529414
"155","4N03","2:Scrubland","Woodland","In-situ closed",3,1,"4/6/16","4/5/16",7.66,5.88,1.78,50.9,52.64,1.74,NA,NA,NA,0.13,1.03,0.91,2.53,1.5,2.41,0.1,"4N","N",3,0.883495145631068,2,1.74,1.78,23.135922330097
"156","4N04","2:Scrubland","Woodland","In-situ closed",4,1,"4/6/16","4/5/16",7.76,5.98,1.78,50.74,52.46,1.72,NA,NA,NA,0.13,1,0.88,2.5,1.5,2.38,0.1,"4N","N",4,0.88,2,1.72,1.78,24.3200000000001
"157","4P01","2:Scrubland","Grassland","4:Pine-Oak",1,1,"4/6/16","4/5/16",9.59,6.02,3.57,47.53,50.95,3.42,0.0508,0.44,0.22,0.13,1,0.85,2.56,1.56,2.41,0.11,"4P","P",1,0.85,5,3.42,3.57,41.86
"158","4P02","2:Scrubland","Grassland","4:Pine-Oak",2,1,"4/6/16","4/5/16",10.07,5.83,4.24,48.34,52.53,4.19,0.0509,0.41,0.19,0.1,0.97,0.85,2.5,1.53,2.38,0.1,"4P","P",2,0.876288659793814,5,4.19,4.24,26.5670103092784
"159","4P03","2:Scrubland","Grassland","4:Pine-Oak",3,1,"4/6/16","4/5/16",9.74,5.79,3.95,48.19,52.08,3.89,0.0505,0.4,0.21,0.1,1.01,0.9,2.53,1.52,2.42,0.1,"4P","P",3,0.891089108910891,5,3.89,3.95,30.6732673267327
"160","4P04","2:Scrubland","Grassland","4:Pine-Oak",4,1,"4/6/16","4/5/16",9.77,5.75,4.02,48.16,52.1,3.94,0.0511,0.39,0.21,0.11,0.99,0.88,2.51,1.52,2.4,0.11,"4P","P",4,0.888888888888889,5,3.94,4.02,29.9555555555555
"161","4S01","2:Scrubland","Grassland","5:Subalpine",1,1,"4/6/16","4/5/16",10.1,6.26,3.84,50.94,54.69,3.75,0.0505,0.44,0.21,0.15,1.02,0.91,2.56,1.54,2.45,0.12,"4S","S",1,0.892156862745098,5,3.75,3.84,33.0882352941177
"162","4S02","2:Scrubland","Grassland","5:Subalpine",2,1,"4/6/16","4/5/16",10.45,6.07,4.38,50.46,55.13,4.67,0.0509,0.41,0.22,0.13,0.95,0.85,2.5,1.55,2.4,0.11,"4S","S",2,0.894736842105263,5,4.67,4.38,16.4315789473684
"163","4S03","2:Scrubland","Grassland","5:Subalpine",3,1,"4/6/16","4/5/16",9.91,6.06,3.85,50.67,54.44,3.77,0.0507,0.42,0.21,0.13,1.02,0.89,2.53,1.51,2.4,0.12,"4S","S",3,0.872549019607843,5,3.77,3.85,34.2098039215687
"164","4S04","2:Scrubland","Grassland","5:Subalpine",4,1,"4/6/16","4/5/16",10.1,6.07,4.03,47.86,51.78,3.92,0.0505,0.38,0.19,0.1,1,0.87,2.5,1.5,2.37,0.1,"4S","S",4,0.87,5,3.92,4.03,31.792
"165","4W01","2:Scrubland","Grassland","2:Scrubland",1,1,"4/6/16","4/5/16",9.61,5.67,3.94,48.8,52.66,3.86,0.0506,0.41,0.2,0.12,1.05,0.9,2.62,1.57,2.47,0.12,"4W","W",1,0.857142857142857,5,3.86,3.94,33.8285714285715
"166","4W02","2:Scrubland","Grassland","2:Scrubland",2,1,"4/6/16","4/5/16",10.15,5.83,4.32,48.92,53.14,4.22,0.0507,0.42,0.22,0.12,1.1,0.96,2.67,1.57,2.53,0.12,"4W","W",2,0.872727272727273,5,4.22,4.32,26.3418181818182
"167","4W03","2:Scrubland","Grassland","2:Scrubland",3,1,"4/6/16","4/5/16",9.56,5.63,3.93,48.06,51.95,3.89,0.0497,0.43,0.22,0.12,1.08,0.95,2.64,1.56,2.51,0.11,"4W","W",3,0.87962962962963,5,3.89,3.93,31.5648148148148
"168","4W04","2:Scrubland","Grassland","2:Scrubland",4,1,"4/6/16","4/5/16",9.74,5.9,3.84,48.1,51.85,3.75,0.0504,0.42,0.21,0.13,1.09,0.97,2.63,1.54,2.51,0.11,"4W","W",4,0.889908256880734,5,3.75,3.84,33.256880733945
"169","5C01","5:Subalpine","Grassland","Sterile",1,1,"4/6/16","4/5/16",9.28,4.8,4.48,50.71,54.22,3.51,NA,NA,NA,0.1057,1,0.86,2.52,1.52,2.38,0.1139,"5C","C",1,0.86,5,3.51,4.48,39.628
"170","5C02","5:Subalpine","Grassland","Sterile",2,1,"4/6/16","4/5/16",9.626,4.28,5.346,50.77,54.44,3.67,NA,NA,NA,0.1,0.99,0.83,2.53,1.54,2.37,0.1,"5C","C",2,0.838383838383838,5,3.66999999999999,5.346,38.4626262626264
"171","5C03","5:Subalpine","Grassland","Sterile",3,1,"4/6/16","4/5/16",9.46,5.88,3.58,50.71,54.28,3.57,NA,NA,NA,0.1,0.97,0.85,2.48,1.51,2.36,0.1,"5C","C",3,0.876288659793814,5,3.57,3.58,37.4329896907216
"172","5C04","5:Subalpine","Grassland","Sterile",4,1,"4/6/16","4/5/16",9.46,5.93,3.53,50.63,54.04,3.41,NA,NA,NA,0.1,1.05,0.89,2.58,1.53,2.42,0.1,"5C","C",4,0.847619047619048,5,3.41,3.53,42.192380952381
"173","5D01","5:Subalpine","Grassland","1:Desert",1,1,"4/6/16","4/5/16",7.45,5.83,1.62,48.15,51.74,3.59,0.0495,0.41,0.2,0.11,1.02,0.82,2.54,1.52,2.34,0.1,"5D","D",1,0.803921568627451,5,3.59,1.62,42.278431372549
"174","5D02","5:Subalpine","Grassland","1:Desert",2,1,"4/6/16","4/5/16",9.7,6.02,3.68,48.15,51.72,3.57,0.0501,0.41,0.21,0.11,1.03,0.88,2.54,1.51,2.39,0.1,"5D","D",2,0.854368932038835,5,3.57,3.68,38.9980582524272
"175","5D03","5:Subalpine","Grassland","1:Desert",3,1,"4/6/16","4/5/16",9.56,5.92,3.64,47.92,51.48,3.56,0.0502,0.41,0.22,0.11,0.99,0.85,2.55,1.56,2.41,0.11,"5D","D",3,0.858585858585859,5,3.56,3.64,38.868686868687
"176","5D04","5:Subalpine","Grassland","1:Desert",4,1,"4/6/16","4/5/16",9.71,6.03,3.68,48.96,52.53,3.57,0.05,0.41,0.21,0.1,1.07,0.94,2.63,1.56,2.5,0.11,"5D","D",4,0.878504672897196,5,3.57,3.68,37.2747663551402
"177","5G01","5:Subalpine","Grassland","3:Grassland",1,1,"4/6/16","4/5/16",9.58,6.02,3.56,49.06,52.53,3.47,0.0506,0.41,0.2,0.12,0.98,0.84,2.5,1.52,2.36,0.1,"5G","G",1,0.857142857142857,5,3.47,3.56,40.5142857142857
"178","5G02","5:Subalpine","Grassland","3:Grassland",2,1,"4/6/16","4/5/16",8.6914,6.2385,2.4529,47.36,50.77,3.41,0.0504,0.4047,0.2036,0.1014,0.9967,0.84,2.5267,1.53,2.37,0.102,"5G","G",2,0.842781177887027,5,3.41,2.4529,42.5223236681047
"179","5G03","5:Subalpine","Grassland","3:Grassland",3,1,"4/6/16","4/5/16",9.4838,5.9792,3.5046,48.15,51.7,3.55,0.0506,0.4082,0.2009,0.1038,1.0881,0.95,2.5881,1.5,2.45,0.1021,"5G","G",3,0.873081518242808,5,3.55,3.5046,38.0112122047605
"180","5G04","5:Subalpine","Grassland","3:Grassland",4,1,"4/6/16","4/5/16",9.5645,6.088,3.4765,48.02,51.53,3.51,0.0508,0.4062,0.2021,0.1072,1.0396,0.9,2.5396,1.5,2.4,0.1037,"5G","G",4,0.865717583686033,5,3.51,3.4765,39.2266256252405
"181","5L01","5:Subalpine","Subalpine","In-situ",1,1,"4/6/16","4/5/16",5.62,3.92,1.7,50.9,52.53,1.63,NA,NA,NA,0.102,1.01,0.91,2.53,1.52,2.43,0.1034,"5L","L",1,0.900990099009901,2,1.63,1.7,26.5693069306929
"182","5L02","5:Subalpine","Subalpine","In-situ",2,1,"4/6/16","4/5/16",5.71,3.93,1.78,50.49,52.01,1.52,NA,NA,NA,0.1029,1.05,0.91,2.58,1.53,2.44,0.1069,"5L","L",2,0.866666666666667,2,1.52,1.78,34.1333333333335
"183","5L03","5:Subalpine","Subalpine","In-situ",3,1,"4/6/16","4/5/16",5.71,3.94,1.77,50.66,52.37,1.71,NA,NA,NA,0.103,1.03,0.92,2.55,1.52,2.44,0.1089,"5L","L",3,0.893203883495146,2,1.71,1.77,23.631067961165
"184","5L04","5:Subalpine","Subalpine","In-situ",4,1,"4/6/16","4/5/16",5.77,4.02,1.75,50.59,52.26,1.67,NA,NA,NA,0.1004,1.04,0.93,2.55,1.51,2.44,0.1045,"5L","L",4,0.894230769230769,2,1.66999999999999,1.75,25.331730769231
"185","5N01","5:Subalpine","Subalpine","In-situ closed",1,1,"4/6/16","4/5/16",7.68,5.92,1.76,50.49,52.3,1.81,NA,NA,NA,0.1048,1.02,0.87,2.53,1.51,2.38,0.1035,"5N","N",1,0.852941176470588,2,1.81,1.76,22.808823529412
"186","5N02","5:Subalpine","Subalpine","In-situ closed",2,1,"4/6/16","4/5/16",7.61,5.84,1.77,50.84,52.62,1.78,NA,NA,NA,0.104,1.02,0.9,2.55,1.53,2.43,0.107,"5N","N",2,0.882352941176471,2,1.77999999999999,1.77,21.4705882352944
"187","5N03","5:Subalpine","Subalpine","In-situ closed",3,1,"4/6/16","4/5/16",7.55,5.93,1.62,51.05,52.81,1.76,NA,NA,NA,0.103,1,0.86,2.51,1.51,2.37,0.106,"5N","N",3,0.86,2,1.76000000000001,1.62,24.3199999999998
"188","5N04","5:Subalpine","Subalpine","In-situ closed",4,1,"4/6/16","4/5/16",7.48,5.75,1.73,50.6,52.39,1.79,NA,NA,NA,0.1033,1.05,0.92,2.56,1.51,2.43,0.1101,"5N","N",4,0.876190476190476,2,1.79,1.73,21.5809523809524
"189","5P01","5:Subalpine","Grassland","4:Pine-Oak",1,1,"4/6/16","4/5/16",9.42,5.46,3.96,47.39,51.02,3.63,0.0504,0.4083,0.2026,0.1014,1.0634,0.86,2.5634,1.5,2.36,0.1046,"5P","P",1,0.808726725597141,5,3.63,3.96,41.2864397216475
"190","5P02","5:Subalpine","Grassland","4:Pine-Oak",2,1,"4/6/16","4/5/16",9.4067,5.9042,3.5025,48.04,51.51,3.47,0.0499,0.4063,0.2041,0.1024,1.1373,0.98,2.6573,1.52,2.5,0.1013,"5P","P",2,0.861689967466807,5,3.47,3.5025,40.1987162578036
"191","5P03","5:Subalpine","Grassland","4:Pine-Oak",3,1,"4/6/16","4/5/16",9.6065,5.9341,3.6724,48.84,52.45,3.61,0.0503,0.4053,0.2011,0.1051,1.0347,0.89,2.5947,1.56,2.45,0.1024,"5P","P",3,0.860152701266067,5,3.61,3.6724,37.8969749685899
"192","5P04","5:Subalpine","Grassland","4:Pine-Oak",4,1,"4/6/16","4/5/16",9.4638,4.7165,4.7473,47.38,50.92,3.54,0.0511,0.4005,0.2032,0.1005,1.0359,0.88,2.5959,1.56,2.44,0.1008,"5P","P",4,0.849502847765228,5,3.54,4.7473,39.8551983782219
"193","5S01","5:Subalpine","Grassland","5:Subalpine",1,1,"4/6/16","4/5/16",9.6138,5.8932,3.7206,50.6,54.42,3.82,0.05,0.4024,0.2072,0.1066,1.0769,0.94,2.5969,1.52,2.46,0.1065,"5S","S",1,0.872875847339586,5,3.82,3.7206,33.3122852632556
"194","5S02","5:Subalpine","Grassland","5:Subalpine",2,1,"4/6/16","4/5/16",9.6308,5.8798,3.751,50.77,54.15,3.38,0.0493,0.4032,0.206,0.1075,1.0751,0.93,2.6051,1.53,2.46,0.1072,"5S","S",2,0.865035810622268,5,3.38,3.751,41.5235792019348
"195","5S03","5:Subalpine","Grassland","5:Subalpine",3,1,"4/6/16","4/5/16",9.574,5.9119,3.6621,50.51,54.2,3.69,0.0498,0.4054,0.205,0.101,1.0842,0.97,2.6142,1.53,2.5,0.109,"5S","S",3,0.894668880280391,5,3.69,3.6621,33.9734366353071
"196","5S04","5:Subalpine","Grassland","5:Subalpine",4,1,"4/6/16","4/5/16",9.49,5.8,3.69,50.67,54.32,3.65,0.0498,0.4,0.2,0.1,1,0.86,2.52,1.52,2.38,0.1,"5S","S",4,0.86,5,3.65,3.69,37.22
"197","5W01","5:Subalpine","Grassland","2:Scrubland",1,1,"4/6/16","4/5/16",9.38,5.9336,3.4464,47.56,51.01,3.45,0.0497,0.4016,0.2024,0.1046,1.0022,0.87,2.5022,1.5,2.37,0.0998,"5W","W",1,0.868090201556576,5,3.45,3.4464,40.1017760925964
"198","5W02","5:Subalpine","Grassland","2:Scrubland",2,1,"4/6/16","4/5/16",9.31,5.85,3.46,47.95,51.34,3.39,0.0508,0.4021,0.2033,0.1039,1.003,0.85,2.543,1.54,2.39,0.1031,"5W","W",2,0.847457627118644,5,3.39,3.46,42.5423728813559
"199","5W03","5:Subalpine","Grassland","2:Scrubland",3,1,"4/6/16","4/5/16",9.47,5.86,3.61,47.99,51.53,3.54,0.0501,0.403,0.2055,0.1021,1.0431,0.9,2.6031,1.56,2.46,0.105,"5W","W",3,0.862812769628991,5,3.54,3.61,38.9128559102675
"200","5W04","5:Subalpine","Grassland","2:Scrubland",4,1,"4/6/16","4/5/16",7.78,5.94,1.84,47.8,51.17,3.37,0.0505,0.4039,0.2021,0.1136,0.9929,0.87,2.52,1.53,2.4,0.1312,"5W","W",4,0.876221170309195,5,3.37,1.84,40.9426931211602
