SampleID,Site,LitterOrigin,MicrobialOrigin,Replicate,Timepoint,Date,Collection,FullBag,EmptyBag,BagDiff,EmptyContainer,FullContainer,ContainerDiff,DNAWetWeight,HydrolyticWetWeight,OxidativeWetWeight,BactWetWeight,LitterWetWeight,LitterDryWeight,WetLitterPlusEnvWeight,EnvWeight,DryLitterPlusEnvWeight,HyphaeWetWeight
X01,,Grassland,,1,0,,10/19/15,,,,,,,,1.0039,,0.105,0.5027,0.4462,,,,0.1027
X01A,,Grassland,,2,0,,10/19/15,,,,,,,,1.0027,,0.1036,,,,,,0.103
X01B,,Grassland,,3,0,,10/19/15,,,,,,,,1.0134,,0.1036,,,,,,0.1054
X02,,Grassland,,1,0,,10/19/15,,,,,,,,1.003,,0.1023,0.5054,0.4551,,,,0.1008
X02A,,Grassland,,2,0,,10/19/15,,,,,,,,1.0055,,0.1035,,,,,,0.102
X02B,,Grassland,,3,0,,10/19/15,,,,,,,,1.0056,,0.1,,,,,,0.1025
X03,,Grassland,,1,0,,10/19/15,,,,,,,,1.0173,,0.105,0.5172,0.4636,,,,0.0987
X03A,,Grassland,,2,0,,10/19/15,,,,,,,,0.9993,,0.1119,,,,,,0.1014
X03B,,Grassland,,3,0,,10/19/15,,,,,,,,1.0157,,0.0949,,,,,,0.1056
X04,,Grassland,,1,0,,10/19/15,,,,,,,,1.0372,,0.1038,0.4995,0.4448,,,,0.1052
X04A,,Grassland,,2,0,,10/19/15,,,,,,,,1.0413,,0.1026,,,,,,0.101
X04B,,Grassland,,3,0,,10/19/15,,,,,,,,1.028,,0.1067,,,,,,0.1062
X05,,Grassland,,1,0,,10/19/15,,,,,,,,1.0076,,0.103,0.5041,0.4496,,,,0.107
X06,,Grassland,,1,0,,10/19/15,,,,,,,,1.0282,,0.1028,0.5047,0.4501,,,,0.1041
X07,,Grassland,,1,0,,10/19/15,,,,,,,,1.0216,,0.1061,0.503,0.4439,,,,0.1088
X08,,Grassland,,1,0,,10/19/15,,,,,,,,1.0146,,0.1092,0.5025,0.4484,,,,0.0997
X09,,Grassland,,1,0,,10/19/15,,,,,,,,1.0234,,0.1017,0.5063,0.4507,,,,0.1045
X10,,Grassland,,1,0,,10/19/15,,,,,,,,1.0517,,0.1063,0.5082,0.4481,,,,0.1051
X11,,Grassland,,1,0,,10/19/15,,,,,,,,1.0874,,0.1114,0.5055,0.456,,,,0.1086
X12,,Grassland,,1,0,,10/19/15,,,,,,,,1.0845,,0.1003,0.5045,0.4465,,,,0.1045
ZD01,,,Desert,1,0,,10/19/15,,,,,,,0.0503,1.0108,,0.107,0.5046,0.4511,,,,0.1062
ZD02,,,Desert,1,0,,10/19/15,,,,,,,0.0502,1.0045,,0.1035,0.5038,0.4493,,,,0.1016
ZD03,,,Desert,1,0,,10/19/15,,,,,,,0.05,1.001,,0.1001,0.5025,0.4461,,,,0.1023
ZD04,,,Desert,1,0,,10/19/15,,,,,,,0.0531,1.0018,,0.1004,0.5023,0.4469,,,,0.1008
ZG01,,,Grassland,1,0,,10/19/15,,,,,,,0.0491,1.0076,,0.1045,0.5055,0.4465,,,,0.1087
ZG02,,,Grassland,1,0,,10/19/15,,,,,,,0.0498,1.0016,,0.1008,0.5009,0.4382,,,,0.1017
ZG03,,,Grassland,1,0,,10/19/15,,,,,,,0.0495,1.0044,,0.1049,0.4969,0.4527,,,,0.1015
ZG04,,,Grassland,1,0,,10/19/15,,,,,,,0.0528,1.0036,,0.1023,0.5004,0.4508,,,,0.1004
ZP01,,,Oak Pine,1,0,,10/19/15,,,,,,,0.0501,1.0026,,0.1021,0.5014,0.4356,,,,0.1022
ZP02,,,Oak Pine,1,0,,10/19/15,,,,,,,0.0497,1.0023,,0.1028,0.5001,0.4386,,,,0.1021
ZP03,,,Oak Pine,1,0,,10/19/15,,,,,,,0.052,1.0062,,0.1018,0.5045,0.4441,,,,0.1022
ZP04,,,Oak Pine,1,0,,10/19/15,,,,,,,0.0504,1.0011,,0.1009,0.5,0.4422,,,,0.1009
ZS01,,,Subalpine,1,0,,10/19/15,,,,,,,0.0529,1.0038,,0.1015,0.5009,0.4404,,,,0.1
ZS02,,,Subalpine,1,0,,10/19/15,,,,,,,0.0518,1.0024,,0.1017,0.5005,0.4493,,,,0.1016
ZS03,,,Subalpine,1,0,,10/19/15,,,,,,,0.0517,1.006,,0.1014,0.5025,0.4475,,,,0.1006
ZS04,,,Subalpine,1,0,,10/19/15,,,,,,,0.0499,1.0015,,0.1005,0.5002,0.4465,,,,0.1012
ZW01,,,Woodland,1,0,,10/19/15,,,,,,,0.0514,1.005,,0.104,0.5006,0.4422,,,,0.102
ZW02,,,Woodland,1,0,,10/19/15,,,,,,,0.0512,1.0014,,0.1015,0.5023,0.4514,,,,0.1016
ZW03,,,Woodland,1,0,,10/19/15,,,,,,,0.0528,1.0012,,0.1012,0.5019,0.4536,,,,0.1019
ZW04,,,Woodland,1,0,,10/19/15,,,,,,,0.0524,1.0001,,0.1008,0.5003,0.447,,,,0.1
1C01,Desert,Grassland,,1,1,4/6/16,4/5/16,10.2,5.92,4.28,50.44,54.67,4.23,,,,0.12,1.03,0.9,2.57,1.54,2.44,0.1
1C02,Desert,Grassland,,2,1,4/6/16,4/5/16,9.52,5.99,3.53,50.45,54.76,4.31,,,,0.1,1.03,0.9,2.58,1.55,2.45,0.1
1C03,Desert,Grassland,,3,1,4/6/16,4/5/16,10.19,5.8,4.39,50.3,54.69,4.39,,,,0.1,1.1,0.96,2.65,1.55,2.51,0.12
1C04,Desert,Grassland,,4,1,4/6/16,4/5/16,10.07,5.87,4.2,50.66,54.78,4.12,,,,0.12,1.05,0.93,2.6,1.55,2.48,0.11
1C05,Desert,Grassland,,5,1,4/6/16,4/5/16,10.2593,5.9099,4.3494,47.88,52.2699,4.3899,,,,0.1019,0.9962,0.85,2.5662,1.57,2.42,0.1028
1D01,Desert,Grassland,Desert,1,1,4/6/16,4/5/16,10.014,5.6,4.414,47.88,52.01,4.13,0.0502,0.4094,0.2018,0.1019,1.0408,0.88,2.5508,1.51,2.39,0.1021
1D02,Desert,Grassland,Desert,2,1,4/6/16,4/5/16,9.6316,6.1517,3.4799,47.58,51.7622,4.1822,0.0502,0.4017,0.2073,0.1046,1.0231,0.88,2.5331,1.51,2.39,0.1047
1D03,Desert,Grassland,Desert,3,1,4/6/16,4/5/16,10.235,5.9274,4.3076,47.92,53.1212,5.2012,0.0506,0.4044,0.2041,0.1053,1.0751,0.91,2.6251,1.55,2.46,0.1063
1D04,Desert,Grassland,Desert,4,1,4/6/16,4/5/16,10.3172,5.8793,4.4379,47.51,51.9965,4.4865,0.0501,0.4023,0.204,0.107,1.015,0.89,2.545,1.53,2.42,0.1058
1G02,Desert,Grassland,Grassland,2,1,4/6/16,4/5/16,10.0523,5.7992,4.2531,48.11,52.3968,4.2868,0.0504,0.4172,0.2086,0.1167,1.0414,0.91,2.5914,1.55,2.46,0.1172
1G03,Desert,Grassland,Grassland,3,1,4/6/16,4/5/16,10.1536,5.8184,4.3352,48.19,52.4482,4.2582,0.0503,0.4197,0.2124,0.1122,1.1418,1.02,2.6818,1.54,2.56,0.1098
1G04,Desert,Grassland,Grassland,4,1,4/6/16,4/5/16,10.0757,5.72,4.3557,47.57,51.9457,4.3757,0.0503,0.4095,0.2032,0.1172,1.1705,1.04,2.7105,1.54,2.58,0.102
1L01,Desert,Desert,,1,1,4/6/16,4/5/16,5.74,3.88,1.86,50.77,52.6,1.83,,,,0.12,1.05,0.92,2.52,1.47,2.39,0.11
1L02,Desert,Desert,,2,1,4/6/16,4/5/16,5.72,3.88,1.84,50.55,52.37,1.82,,,,0.12,1.03,0.93,2.51,1.48,2.41,0.11
1L03,Desert,Desert,,3,1,4/6/16,4/5/16,5.66,3.83,1.83,50.58,52.37,1.79,,,,0.12,1.16,1.03,2.64,1.48,2.51,0.11
1L04,Desert,Desert,,4,1,4/6/16,4/5/16,5.68,3.86,1.82,50.79,52.43,1.64,,,,0.11,1.17,1.05,2.65,1.48,2.53,0.1
1N01,Desert,Desert,,1,1,4/6/16,4/5/16,6.0133,4.165,1.8483,50.61,51,0.39,,,,0.1225,0.9871,0.88,2.4771,1.49,2.37,0.1277
1N02,Desert,Desert,,2,1,4/6/16,4/5/16,7.49,5.6,1.89,50.53,52.37,1.84,,,,0.11,1.05,0.94,2.51,1.46,2.4,0.12
1N03,Desert,Desert,,3,1,4/6/16,4/5/16,7.68,5.855,1.825,50.62,52.55,1.93,,,,0.1187,0.9971,0.89,2.4671,1.47,2.36,0.1147
1N04,Desert,Desert,,4,1,4/6/16,4/5/16,7.73,5.81,1.92,50.91,52.89,1.98,,,,0.11,1.12,0.99,2.59,1.47,2.46,0.1286
1P01,Desert,Grassland,Oak Pine,1,1,4/6/16,4/5/16,10.2165,5.7615,4.455,47.35,53.204,5.854,0.0506,0.4074,0.2073,0.1063,1.1303,1.01,2.6603,1.53,2.54,0.0976
1P02,Desert,Grassland,Oak Pine,2,1,4/6/16,4/5/16,10.167,5.7689,4.3981,48.15,52.4948,4.3448,0.0497,0.4021,0.2095,0.109,1.2819,1.13,2.7919,1.51,2.64,0.1043
1P03,Desert,Grassland,Oak Pine,3,1,4/6/16,4/5/16,10.042,5.5796,4.4624,48.88,53.3442,4.4642,0.0509,0.4181,0.2103,0.1048,1.0127,0.89,2.5227,1.51,2.4,0.1075
1P04,Desert,Grassland,Oak Pine,4,1,4/6/16,4/5/16,10.2663,5.7742,4.4921,48.84,53.3308,4.4908,0.0506,0.4033,0.2148,0.1182,1.2191,1.05,2.7491,1.53,2.58,0.1168
1S01,Desert,Grassland,Subalpine,1,1,4/6/16,4/5/16,10.2695,5.8217,4.4478,48.98,53.4133,4.4333,0.0501,0.41,0.218,0.1101,1.2128,1.05,2.7828,1.57,2.62,0.1143
1S02,Desert,Grassland,Subalpine,2,1,4/6/16,4/5/16,10.3872,5.9651,4.4221,47.94,52.3674,4.4274,0.0503,0.4171,0.2086,0.1167,1.356,1.2,2.866,1.51,2.71,0.1036
1S03,Desert,Grassland,Subalpine,3,1,4/6/16,4/5/16,10.2302,5.645,4.5852,47.43,51.6135,4.1835,0.0506,0.3997,0.1879,0.1112,0.6052,0.49,2.1152,1.51,2,0.1063
1S04,Desert,Grassland,Subalpine,4,1,4/6/16,4/5/16,10.267,5.4213,4.8457,47.98,52.241,4.261,0.0494,0.4106,0.1925,0.0999,1.2189,1.08,2.7089,1.49,2.57,0.0958
1W01,Desert,Grassland,Woodland,1,1,4/6/16,4/5/16,10.2971,6.0409,4.2562,47.44,51.7701,4.3301,0.0509,0.4057,0.2101,0.1028,1.2359,1.09,2.7659,1.53,2.62,0.1012
1W02,Desert,Grassland,Woodland,2,1,4/6/16,4/5/16,10.0399,5.7857,4.2542,48.21,52.417,4.207,0.0494,0.4005,0.1952,0.1037,1.0454,0.93,2.5854,1.54,2.47,0.101
1W03,Desert,Grassland,Woodland,3,1,4/6/16,4/5/16,10.185,5.8447,4.3403,48.82,51.6977,2.8777,0.0501,0.402,0.2111,0.1099,1.1065,0.96,2.6565,1.55,2.51,0.1047
1W04,Desert,Grassland,Woodland,4,1,4/6/16,4/5/16,9.8606,5.4905,4.3701,48.05,52.4289,4.3789,0.0493,0.4311,0.2374,0.1329,1.0847,0.97,2.6347,1.55,2.52,0.1102
2C01,Grassland,Grassland,,1,1,4/6/16,4/5/16,8.841,5.948,2.893,50.76,53.827,3.067,,,,0.109,1.014,0.86,2.554,1.54,2.4,0.109
2C02,Grassland,Grassland,,2,1,4/6/16,4/5/16,8.943,5.693,3.25,50.66,53.902,3.242,,,,0.105,1.023,0.89,2.533,1.51,2.4,0.104
2C03,Grassland,Grassland,,3,1,4/6/16,4/5/16,9.326,6.114,3.212,50.49,53.703,3.213,,,,0.103,1.012,0.87,2.512,1.5,2.37,0.103
2C04,Grassland,Grassland,,4,1,4/6/16,4/5/16,9.263,6.04,3.223,50.84,54.013,3.173,,,,0.106,1.009,0.87,2.489,1.48,2.35,0.108
2D01,Grassland,Grassland,Desert,1,1,4/6/16,4/5/16,9.486,5.85,3.636,48.23,51.871,3.641,0.051,0.404,0.216,0.118,1.003,0.85,2.513,1.51,2.36,0.101
2D02,Grassland,Grassland,Desert,2,1,4/6/16,4/5/16,9.482,5.903,3.579,47.95,51.46,3.51,0.0497,0.412,0.205,0.119,1.004,0.86,2.534,1.53,2.39,0.108
2D03,Grassland,Grassland,Desert,3,1,4/6/16,4/5/16,9.229,5.714,3.515,47.86,51.34,3.48,0.0494,0.43,0.22,0.1,1.04,0.88,2.56,1.52,2.4,0.11
2D04,Grassland,Grassland,Desert,4,1,4/6/16,4/5/16,9.311,5.754,3.557,49.11,52.642,3.532,0.0502,0.416,0.22,0.11,1.322,1.15,2.842,1.52,2.67,0.1
2G01,Grassland,Grassland,Grassland,1,1,4/6/16,4/5/16,8.636,5.905,2.731,47.28,49.996,2.716,0.0498,0.409,0.2,0.108,1.014,0.86,2.544,1.53,2.39,0.104
2G02,Grassland,Grassland,Grassland,2,1,4/6/16,4/5/16,9.223,5.695,3.528,47.47,51.006,3.536,0.0497,0.4,0.2,0.099,1.134,0.98,2.664,1.53,2.51,0.102
2G03,Grassland,Grassland,Grassland,3,1,4/6/16,4/5/16,,5.86,,48.27,52.803,4.533,0.0506,0.393,0.224,0.113,1.028,0.86,2.538,1.51,2.37,0.104
2G04,Grassland,Grassland,Grassland,4,1,4/6/16,4/5/16,,5.89,,47.47,50.764,3.294,0.0498,0.419,0.255,0.146,1.08,0.94,2.61,1.53,2.47,0.145
2L01,Grassland,Grassland,,1,1,4/6/16,4/5/16,5.264,3.9,1.364,50.38,51.766,1.386,,,,0.103,0.999,0.85,2.499,1.5,2.35,0.101
2L02,Grassland,Grassland,,2,1,4/6/16,4/5/16,5.48,3.926,1.554,50.85,52.406,1.556,,,,0.104,1.062,0.91,2.572,1.51,2.42,0.096
2L03,Grassland,Grassland,,3,1,4/6/16,4/5/16,5.185,3.79,1.395,50.73,52.144,1.414,,,,0.105,1.032,0.88,2.522,1.49,2.37,0.107
2L04,Grassland,Grassland,,4,1,4/6/16,4/5/16,5.62,4.225,1.395,50.81,52.151,1.341,,,,0.105,1.061,0.94,2.541,1.48,2.42,0.1
2N01,Grassland,Grassland,,1,1,4/6/16,4/5/16,7.11,5.792,1.318,50.8,52.254,1.454,,,,0.098,0.479,0.37,1.949,1.47,1.84,0.113
2N02,Grassland,Grassland,,2,1,4/6/16,4/5/16,7.793,6.297,1.496,50.57,52.094,1.524,,,,0.099,1.016,0.86,2.496,1.48,2.34,0.104
2N03,Grassland,Grassland,,3,1,4/6/16,4/5/16,7.257,5.738,1.519,50.43,51.993,1.563,,,,0.106,1,0.86,2.51,1.51,2.37,0.108
2N04,Grassland,Grassland,,4,1,4/6/16,4/5/16,7.149,5.59,1.559,50.64,52.224,1.584,,,,0.107,1.107,0.87,2.587,1.48,2.35,0.103
2P01,Grassland,Grassland,Oak Pine,1,1,4/6/16,4/5/16,9.562,6.156,3.406,47.9,51.252,3.352,0.0505,0.4,0.22,0.1,1.014,0.88,2.534,1.52,2.4,0.1
2P02,Grassland,Grassland,Oak Pine,2,1,4/6/16,4/5/16,9.233,6.058,3.175,48.06,51.153,3.093,0.0499,0.41,0.2,0.1,1.003,0.87,2.483,1.48,2.35,0.1
2P03,Grassland,Grassland,Oak Pine,3,1,4/6/16,4/5/16,8.6,5.779,2.821,47.41,50.202,2.792,0.0501,0.412,0.199,0.102,1.004,0.84,2.484,1.48,2.32,0.1
2P04,Grassland,Grassland,Oak Pine,4,1,4/6/16,4/5/16,9.093,6.035,3.058,48.1,51.168,3.068,0.0508,0.403,0.199,0.102,1.021,0.86,2.511,1.49,2.35,0.104
2S01,Grassland,Grassland,Subalpine,1,1,4/6/16,4/5/16,9.256,6.086,3.17,49.01,52.092,3.082,0.0508,0.406,0.198,0.099,1.011,0.86,2.501,1.49,2.35,0.105
2S02,Grassland,Grassland,Subalpine,2,1,4/6/16,4/5/16,8.989,5.943,3.046,48.81,51.859,3.049,0.0503,0.406,0.206,0.108,1,0.85,2.48,1.48,2.33,0.109
2S03,Grassland,Grassland,Subalpine,3,1,4/6/16,4/5/16,9.36,5.917,3.443,48.14,51.512,3.372,0.0512,0.406,0.206,0.101,1.011,0.87,2.501,1.49,2.36,0.1
2S04,Grassland,Grassland,Subalpine,4,1,4/6/16,4/5/16,9.305,5.923,3.382,48.92,52.283,3.363,0.0502,0.399,0.202,0.101,1.017,0.88,2.487,1.47,2.35,0.106
2W01,Grassland,Grassland,Woodland,1,1,4/6/16,4/5/16,8.421,5.927,2.494,48.08,50.533,2.453,0.0509,0.403,0.224,0.13,1.06,0.89,2.62,1.56,2.45,0.1
2W02,Grassland,Grassland,Woodland,2,1,4/6/16,4/5/16,,5.76,,48.26,,,0.0492,0.437,0.243,0.135,1.131,0.95,2.701,1.57,2.52,0.138
2W03,Grassland,Grassland,Woodland,3,1,4/6/16,4/5/16,8.91,5.971,2.939,48.22,51.134,2.914,0.0503,0.4,0.21,0.11,1.1,0.97,2.64,1.54,2.51,0.1
2W04,Grassland,Grassland,Woodland,4,1,4/6/16,4/5/16,9.192,5.948,3.244,49.11,52.3,3.19,0.0504,0.41,0.21,0.11,1.019,0.87,2.559,1.54,2.41,0.11
3C01,Oak-Pine,Grassland,,1,1,4/6/16,4/5/16,9.19,5.66,3.53,50.69,54.2,3.51,,,,0.12,1.12,0.98,2.65,1.53,2.51,0.12
3C02,Oak-Pine,Grassland,,2,1,4/6/16,4/5/16,9.14,5.64,3.5,50.79,54.25,3.46,,,,0.13,1,0.85,2.5,1.52,2.37,0.1
3C03,Oak-Pine,Grassland,,3,1,4/6/16,4/5/16,9.22,5.63,3.59,50.5,54.04,3.54,,,,0.1,1.09,0.95,2.61,1.52,2.47,0.1
3C04,Oak-Pine,Grassland,,4,1,4/6/16,4/5/16,9.54,5.93,3.61,50.7,54.28,3.58,,,,0.11,1.02,0.88,2.54,1.52,2.4,0.1
3D01,Oak-Pine,Grassland,Desert,1,1,4/6/16,4/5/16,9.5,5.88,3.62,47.31,50.91,3.6,0.0498,0.41,0.21,0.11,1.11,0.96,2.61,1.5,2.46,0.1
3D02,Oak-Pine,Grassland,Desert,2,1,4/6/16,4/5/16,9.34,5.98,3.36,48.04,51.31,3.27,0.0501,0.4,0.21,0.11,1.02,0.87,2.52,1.5,2.37,0.12
3D03,Oak-Pine,Grassland,Desert,3,1,4/6/16,4/5/16,9.54,6.17,3.37,48.72,51.96,3.24,0.0499,0.4,0.22,0.12,1.04,0.89,2.56,1.52,2.41,0.1
3D04,Oak-Pine,Grassland,Desert,4,1,4/6/16,4/5/16,9.41,5.97,3.44,48.2,51.56,3.36,0.0496,0.4,0.22,0.12,1.07,0.93,2.59,1.52,2.45,0.13
3G01,Oak-Pine,Grassland,Grassland,1,1,4/6/16,4/5/16,9.31,6.06,3.25,49.18,52.4,3.22,0.0502,0.41,0.21,0.14,1.1,0.94,2.6,1.5,2.44,0.11
3G02,Oak-Pine,Grassland,Grassland,2,1,4/6/16,4/5/16,9.49,6.02,3.47,47.86,51.31,3.45,0.0508,0.4,0.22,0.1,1.02,0.88,2.52,1.5,2.38,0.1
3G03,Oak-Pine,Grassland,Grassland,3,1,4/6/16,4/5/16,9.47,6.19,3.28,47.89,51.13,3.24,0.05,0.41,0.22,0.11,1.09,0.93,2.58,1.49,2.42,0.1
3G04,Oak-Pine,Grassland,Grassland,4,1,4/6/16,4/5/16,9.59,6.33,3.26,49.19,52.44,3.25,0.051,0.42,0.22,0.1,1,0.87,2.5,1.5,2.37,0.11
3L01,Oak-Pine,Oak Pine,,1,1,4/6/16,4/5/16,5.5,3.74,1.76,51.07,52.82,1.75,,,,0.1,1.05,0.9,2.52,1.47,2.37,0.1
3L02,Oak-Pine,Oak Pine,,2,1,4/6/16,4/5/16,5.63,3.87,1.76,50.92,52.66,1.74,,,,0.12,1.16,1.02,2.64,1.48,2.5,0.13
3L03,Oak-Pine,Oak Pine,,3,1,4/6/16,4/5/16,5.56,3.75,1.81,50.38,52.18,1.8,,,,0.1,1.05,0.9,2.54,1.49,2.39,0.11
3L04,Oak-Pine,Oak Pine,,4,1,4/6/16,4/5/16,5.4,3.66,1.74,50.45,52.16,1.71,,,,0.1,1.08,0.94,2.57,1.49,2.43,0.11
3N01,Oak-Pine,Oak Pine,,1,1,4/6/16,4/5/16,7.55,5.71,1.84,50.82,52.64,1.82,,,,0.12,1.02,0.85,2.52,1.5,2.35,0.11
3N02,Oak-Pine,Oak Pine,,2,1,4/6/16,4/5/16,7.49,5.68,1.81,50.77,52.56,1.79,,,,0.11,1.04,0.88,2.55,1.51,2.39,0.11
3N03,Oak-Pine,Oak Pine,,3,1,4/6/16,4/5/16,7.39,5.58,1.81,50.48,52.29,1.81,,,,0.11,1.08,0.95,2.59,1.51,2.46,0.1
3N04,Oak-Pine,Oak Pine,,4,1,4/6/16,4/5/16,7.48,5.68,1.8,50.67,52.45,1.78,,,,0.11,1.05,0.9,2.56,1.51,2.41,0.1
3P01,Oak-Pine,Grassland,Oak Pine,1,1,4/6/16,4/5/16,9.22,5.75,3.47,48.74,52.18,3.44,0.0496,0.41,0.22,0.12,1.02,0.86,2.52,1.5,2.36,0.14
3P02,Oak-Pine,Grassland,Oak Pine,2,1,4/6/16,4/5/16,9.52,6.11,3.41,48.16,51.52,3.36,0.0496,0.41,0.21,0.1,1.06,0.9,2.6,1.54,2.44,0.1
3P03,Oak-Pine,Grassland,Oak Pine,3,1,4/6/16,4/5/16,9.39,5.78,3.61,47.57,51.15,3.58,0.0498,0.41,0.21,0.1,1.17,0.99,2.73,1.56,2.55,0.1
3P04,Oak-Pine,Grassland,Oak Pine,4,1,4/6/16,4/5/16,9.67,6.02,3.65,47.93,50.42,2.49,0.0504,0.42,0.21,0.1,1.03,0.91,2.53,1.5,2.41,0.1
3S01,Oak-Pine,Grassland,Subalpine,1,1,4/6/16,4/5/16,9.59,5.98,3.61,48.77,52.37,3.6,0.0504,0.4,0.21,0.1,1.19,1.01,2.69,1.5,2.51,0.1
3S02,Oak-Pine,Grassland,Subalpine,2,1,4/6/16,4/5/16,9.4,5.8,3.6,47.36,50.98,3.62,0.0504,0.42,0.2,0.1,1.02,0.84,2.52,1.5,2.34,0.1
3S03,Oak-Pine,Grassland,Subalpine,3,1,4/6/16,4/5/16,9.46,5.79,3.67,48.06,51.7,3.64,0.0495,0.4,0.2,0.1,1.15,1.02,2.64,1.49,2.51,0.1
3S04,Oak-Pine,Grassland,Subalpine,4,1,4/6/16,4/5/16,9.53,6.06,3.47,47.64,51.09,3.45,0.0503,0.41,0.21,0.1,1.02,0.87,2.51,1.49,2.36,0.1
3W01,Oak-Pine,Grassland,Woodland,1,1,4/6/16,4/5/16,9.61,6.05,3.56,49.03,52.53,3.5,0.0502,0.41,0.22,0.11,1.04,0.9,2.59,1.55,2.45,0.1
3W02,Oak-Pine,Grassland,Woodland,2,1,4/6/16,4/5/16,9.26,5.83,3.43,47.41,50.8,3.39,0.0504,0.41,0.2,0.11,1.09,0.94,2.67,1.58,2.52,0.11
3W03,Oak-Pine,Grassland,Woodland,3,1,4/6/16,4/5/16,9.48,6.08,3.4,47.93,51.12,3.19,0.0508,0.41,0.22,0.1,1.13,0.98,2.7,1.57,2.55,0.11
3W04,Oak-Pine,Grassland,Woodland,4,1,4/6/16,4/5/16,9.5,6.37,3.13,49.11,52.2,3.09,0.051,0.42,0.21,0.11,0.99,0.9,2.55,1.56,2.46,0.11
4C01,Woodland,Grassland,,1,1,4/6/16,4/5/16,9.57,5.61,3.96,51.01,54.85,3.84,,,,0.1,1.33,1.2,2.85,1.52,2.72,0.11
4C02,Woodland,Grassland,,2,1,4/6/16,4/5/16,10.1,6.05,4.05,50.76,54.72,3.96,,,,0.11,1.02,0.91,2.52,1.5,2.41,0.11
4C03,Woodland,Grassland,,3,1,4/6/16,4/5/16,9.65,5.82,3.83,50.7,54.49,3.79,,,,0.1,1.03,0.94,2.55,1.52,2.46,0.1
4C04,Woodland,Grassland,,4,1,4/6/16,4/5/16,9.77,5.89,3.88,50.44,54.2,3.76,,,,0.11,1.08,0.94,2.58,1.5,2.44,0.1
4D01,Woodland,Grassland,Desert,1,1,4/6/16,4/5/16,10.07,5.98,4.09,47.38,51.4,4.02,0.0504,0.4,0.2,0.1,1.01,0.86,2.53,1.52,2.38,0.1
4D02,Woodland,Grassland,Desert,2,1,4/6/16,4/5/16,10.35,6,4.35,48.28,52.54,4.26,0.0505,0.4,0.2,0.12,1.07,0.92,2.61,1.54,2.46,0.11
4D03,Woodland,Grassland,Desert,3,1,4/6/16,4/5/16,9.81,5.93,3.88,49.04,52.84,3.8,0.0508,0.41,0.2,0.11,1.07,0.92,2.61,1.54,2.46,0.11
4D04,Woodland,Grassland,Desert,4,1,4/6/16,4/5/16,9.83,5.89,3.94,47.6,51.45,3.85,0.0503,0.41,0.21,0.1,1.05,0.88,2.62,1.57,2.45,0.1
4G01,Woodland,Grassland,Grassland,1,1,4/6/16,4/5/16,10.07,6.3,3.77,47.43,51.12,3.69,0.0509,0.4,0.21,0.1,1.01,0.87,2.49,1.48,2.35,0.11
4G02,Woodland,Grassland,Grassland,2,1,4/6/16,4/5/16,10.09,6.15,3.94,48.21,52.15,3.94,0.0507,0.4,0.21,0.11,1.05,0.92,2.55,1.5,2.42,0.11
4G03,Woodland,Grassland,Grassland,3,1,4/6/16,4/5/16,9.92,6.02,3.9,47.39,51.18,3.79,0.0505,0.4,0.2,0.11,1.03,0.89,2.53,1.5,2.39,0.11
4G04,Woodland,Grassland,Grassland,4,1,4/6/16,4/5/16,8.64,5.78,2.86,48.66,51.42,2.76,0.0513,0.41,0.21,0.11,1.01,0.86,2.5,1.49,2.35,0.12
4L01,Woodland,Woodland,,1,1,4/6/16,4/5/16,5.63,3.96,1.67,50.57,52.2,1.63,,,,0.11,1.07,0.97,2.58,1.51,2.48,0.13
4L02,Woodland,Woodland,,2,1,4/6/16,4/5/16,5.83,3.97,1.86,50.89,52.7,1.81,,,,0.1,1.07,0.93,2.58,1.51,2.44,0.1
4L03,Woodland,Woodland,,3,1,4/6/16,4/5/16,5.65,3.89,1.76,50.69,52.4,1.71,,,,0.1,0.97,0.85,2.49,1.52,2.37,0.1
4L04,Woodland,Woodland,,4,1,4/6/16,4/5/16,5.67,3.93,1.74,50.66,52.37,1.71,,,,0.13,1.1,1,2.6,1.5,2.5,0.12
4N01,Woodland,Woodland,,1,1,4/6/16,4/5/16,7.62,5.83,1.79,50.72,52.47,1.75,,,,0.1,1.02,0.9,2.52,1.5,2.4,0.1
4N02,Woodland,Woodland,,2,1,4/6/16,4/5/16,7.93,6.13,1.8,50.67,52.413,1.743,,,,0.13,1.19,1.08,2.7,1.51,2.59,0.12
4N03,Woodland,Woodland,,3,1,4/6/16,4/5/16,7.66,5.88,1.78,50.9,52.64,1.74,,,,0.13,1.03,0.91,2.53,1.5,2.41,0.1
4N04,Woodland,Woodland,,4,1,4/6/16,4/5/16,7.76,5.98,1.78,50.74,52.46,1.72,,,,0.13,1,0.88,2.5,1.5,2.38,0.1
4P01,Woodland,Grassland,Oak Pine,1,1,4/6/16,4/5/16,9.59,6.02,3.57,47.53,50.95,3.42,0.0508,0.44,0.22,0.13,1,0.85,2.56,1.56,2.41,0.11
4P02,Woodland,Grassland,Oak Pine,2,1,4/6/16,4/5/16,10.07,5.83,4.24,48.34,52.53,4.19,0.0509,0.41,0.19,0.1,0.97,0.85,2.5,1.53,2.38,0.1
4P03,Woodland,Grassland,Oak Pine,3,1,4/6/16,4/5/16,9.74,5.79,3.95,48.19,52.08,3.89,0.0505,0.4,0.21,0.1,1.01,0.9,2.53,1.52,2.42,0.1
4P04,Woodland,Grassland,Oak Pine,4,1,4/6/16,4/5/16,9.77,5.75,4.02,48.16,52.1,3.94,0.0511,0.39,0.21,0.11,0.99,0.88,2.51,1.52,2.4,0.11
4S01,Woodland,Grassland,Subalpine,1,1,4/6/16,4/5/16,10.1,6.26,3.84,50.94,54.69,3.75,0.0505,0.44,0.21,0.15,1.02,0.91,2.56,1.54,2.45,0.12
4S02,Woodland,Grassland,Subalpine,2,1,4/6/16,4/5/16,10.45,6.07,4.38,50.46,55.13,4.67,0.0509,0.41,0.22,0.13,0.95,0.85,2.5,1.55,2.4,0.11
4S03,Woodland,Grassland,Subalpine,3,1,4/6/16,4/5/16,9.91,6.06,3.85,50.67,54.44,3.77,0.0507,0.42,0.21,0.13,1.02,0.89,2.53,1.51,2.4,0.12
4S04,Woodland,Grassland,Subalpine,4,1,4/6/16,4/5/16,10.1,6.07,4.03,47.86,51.78,3.92,0.0505,0.38,0.19,0.1,1,0.87,2.5,1.5,2.37,0.1
4W01,Woodland,Grassland,Woodland,1,1,4/6/16,4/5/16,9.61,5.67,3.94,48.8,52.66,3.86,0.0506,0.41,0.2,0.12,1.05,0.9,2.62,1.57,2.47,0.12
4W02,Woodland,Grassland,Woodland,2,1,4/6/16,4/5/16,10.15,5.83,4.32,48.92,53.14,4.22,0.0507,0.42,0.22,0.12,1.1,0.96,2.67,1.57,2.53,0.12
4W03,Woodland,Grassland,Woodland,3,1,4/6/16,4/5/16,9.56,5.63,3.93,48.06,51.95,3.89,0.0497,0.43,0.22,0.12,1.08,0.95,2.64,1.56,2.51,0.11
4W04,Woodland,Grassland,Woodland,4,1,4/6/16,4/5/16,9.74,5.9,3.84,48.1,51.85,3.75,0.0504,0.42,0.21,0.13,1.09,0.97,2.63,1.54,2.51,0.11
5C01,Subalpine,Grassland,,1,1,4/6/16,4/5/16,9.28,4.8,4.48,50.71,54.22,3.51,,,,0.1057,1,0.86,2.52,1.52,2.38,0.1139
5C02,Subalpine,Grassland,,2,1,4/6/16,4/5/16,9.626,4.28,5.346,50.77,54.44,3.67,,,,0.1,0.99,0.83,2.53,1.54,2.37,0.1
5C03,Subalpine,Grassland,,3,1,4/6/16,4/5/16,9.46,5.88,3.58,50.71,54.28,3.57,,,,0.1,0.97,0.85,2.48,1.51,2.36,0.1
5C04,Subalpine,Grassland,,4,1,4/6/16,4/5/16,9.46,5.93,3.53,50.63,54.04,3.41,,,,0.1,1.05,0.89,2.58,1.53,2.42,0.1
5D01,Subalpine,Grassland,Desert,1,1,4/6/16,4/5/16,7.45,5.83,1.62,48.15,51.74,3.59,0.0495,0.41,0.2,0.11,1.02,0.82,2.54,1.52,2.34,0.1
5D02,Subalpine,Grassland,Desert,2,1,4/6/16,4/5/16,9.7,6.02,3.68,48.15,51.72,3.57,0.0501,0.41,0.21,0.11,1.03,0.88,2.54,1.51,2.39,0.1
5D03,Subalpine,Grassland,Desert,3,1,4/6/16,4/5/16,9.56,5.92,3.64,47.92,51.48,3.56,0.0502,0.41,0.22,0.11,0.99,0.85,2.55,1.56,2.41,0.11
5D04,Subalpine,Grassland,Desert,4,1,4/6/16,4/5/16,9.71,6.03,3.68,48.96,52.53,3.57,0.05,0.41,0.21,0.1,1.07,0.94,2.63,1.56,2.5,0.11
5G01,Subalpine,Grassland,Grassland,1,1,4/6/16,4/5/16,9.58,6.02,3.56,49.06,52.53,3.47,0.0506,0.41,0.2,0.12,0.98,0.84,2.5,1.52,2.36,0.1
5G02,Subalpine,Grassland,Grassland,2,1,4/6/16,4/5/16,8.6914,6.2385,2.4529,47.36,50.77,3.41,0.0504,0.4047,0.2036,0.1014,0.9967,0.84,2.5267,1.53,2.37,0.102
5G03,Subalpine,Grassland,Grassland,3,1,4/6/16,4/5/16,9.4838,5.9792,3.5046,48.15,51.7,3.55,0.0506,0.4082,0.2009,0.1038,1.0881,0.95,2.5881,1.5,2.45,0.1021
5G04,Subalpine,Grassland,Grassland,4,1,4/6/16,4/5/16,9.5645,6.088,3.4765,48.02,51.53,3.51,0.0508,0.4062,0.2021,0.1072,1.0396,0.9,2.5396,1.5,2.4,0.1037
5L01,Subalpine,Subalpine,,1,1,4/6/16,4/5/16,5.62,3.92,1.7,50.9,52.53,1.63,,,,0.102,1.01,0.91,2.53,1.52,2.43,0.1034
5L02,Subalpine,Subalpine,,2,1,4/6/16,4/5/16,5.71,3.93,1.78,50.49,52.01,1.52,,,,0.1029,1.05,0.91,2.58,1.53,2.44,0.1069
5L03,Subalpine,Subalpine,,3,1,4/6/16,4/5/16,5.71,3.94,1.77,50.66,52.37,1.71,,,,0.103,1.03,0.92,2.55,1.52,2.44,0.1089
5L04,Subalpine,Subalpine,,4,1,4/6/16,4/5/16,5.77,4.02,1.75,50.59,52.26,1.67,,,,0.1004,1.04,0.93,2.55,1.51,2.44,0.1045
5N01,Subalpine,Subalpine,,1,1,4/6/16,4/5/16,7.68,5.92,1.76,50.49,52.3,1.81,,,,0.1048,1.02,0.87,2.53,1.51,2.38,0.1035
5N02,Subalpine,Subalpine,,2,1,4/6/16,4/5/16,7.61,5.84,1.77,50.84,52.62,1.78,,,,0.104,1.02,0.9,2.55,1.53,2.43,0.107
5N03,Subalpine,Subalpine,,3,1,4/6/16,4/5/16,7.55,5.93,1.62,51.05,52.81,1.76,,,,0.103,1,0.86,2.51,1.51,2.37,0.106
5N04,Subalpine,Subalpine,,4,1,4/6/16,4/5/16,7.48,5.75,1.73,50.6,52.39,1.79,,,,0.1033,1.05,0.92,2.56,1.51,2.43,0.1101
5P01,Subalpine,Grassland,Oak Pine,1,1,4/6/16,4/5/16,9.42,5.46,3.96,47.39,51.02,3.63,0.0504,0.4083,0.2026,0.1014,1.0634,0.86,2.5634,1.5,2.36,0.1046
5P02,Subalpine,Grassland,Oak Pine,2,1,4/6/16,4/5/16,9.4067,5.9042,3.5025,48.04,51.51,3.47,0.0499,0.4063,0.2041,0.1024,1.1373,0.98,2.6573,1.52,2.5,0.1013
5P03,Subalpine,Grassland,Oak Pine,3,1,4/6/16,4/5/16,9.6065,5.9341,3.6724,48.84,52.45,3.61,0.0503,0.4053,0.2011,0.1051,1.0347,0.89,2.5947,1.56,2.45,0.1024
5P04,Subalpine,Grassland,Oak Pine,4,1,4/6/16,4/5/16,9.4638,4.7165,4.7473,47.38,50.92,3.54,0.0511,0.4005,0.2032,0.1005,1.0359,0.88,2.5959,1.56,2.44,0.1008
5S01,Subalpine,Grassland,Subalpine,1,1,4/6/16,4/5/16,9.6138,5.8932,3.7206,50.6,54.42,3.82,0.05,0.4024,0.2072,0.1066,1.0769,0.94,2.5969,1.52,2.46,0.1065
5S02,Subalpine,Grassland,Subalpine,2,1,4/6/16,4/5/16,9.6308,5.8798,3.751,50.77,54.15,3.38,0.0493,0.4032,0.206,0.1075,1.0751,0.93,2.6051,1.53,2.46,0.1072
5S03,Subalpine,Grassland,Subalpine,3,1,4/6/16,4/5/16,9.574,5.9119,3.6621,50.51,54.2,3.69,0.0498,0.4054,0.205,0.101,1.0842,0.97,2.6142,1.53,2.5,0.109
5S04,Subalpine,Grassland,Subalpine,4,1,4/6/16,4/5/16,9.49,5.8,3.69,50.67,54.32,3.65,0.0498,0.4,0.2,0.1,1,0.86,2.52,1.52,2.38,0.1
5W01,Subalpine,Grassland,Woodland,1,1,4/6/16,4/5/16,9.38,5.9336,3.4464,47.56,51.01,3.45,0.0497,0.4016,0.2024,0.1046,1.0022,0.87,2.5022,1.5,2.37,0.0998
5W02,Subalpine,Grassland,Woodland,2,1,4/6/16,4/5/16,9.31,5.85,3.46,47.95,51.34,3.39,0.0508,0.4021,0.2033,0.1039,1.003,0.85,2.543,1.54,2.39,0.1031
5W03,Subalpine,Grassland,Woodland,3,1,4/6/16,4/5/16,9.47,5.86,3.61,47.99,51.53,3.54,0.0501,0.403,0.2055,0.1021,1.0431,0.9,2.6031,1.56,2.46,0.105
5W04,Subalpine,Grassland,Woodland,4,1,4/6/16,4/5/16,7.78,5.94,1.84,47.8,51.17,3.37,0.0505,0.4039,0.2021,0.1136,0.9929,0.87,2.52,1.53,2.4,0.1312
1C02,Desert,Grassland,,2,2,10/25/16,10/24/16,15.83,7.74,8.09,47.85,59.87,12.02,,,,0.2,2.94,0.88,,1.08,1.96,0.19
1C03,Desert,Grassland,,3,2,10/25/16,10/24/16,21.29,7.7,13.59,48.04,61.51,13.47,,,,0.21,2.04,0.51,,1.07,1.58,0.21
1C04,Desert,Grassland,,4,2,10/25/16,10/24/16,16.92,7.84,9.08,49,56.82,7.82,,,,0.19,2.2,1.09,,1.11,2.2,0.19
1D01,Desert,Grassland,Desert,1,2,10/25/16,10/24/16,15.39,8.07,7.32,47.33,54.47,7.14,,0.948,0.492,0.182,2.052,1.11,,1.09,2.2,0.178
1D02,Desert,Grassland,Desert,2,2,10/25/16,10/24/16,18.278,8.381,9.897,47.98,57.639,9.659,,0.92,0.4,0.211,2.188,0.89,,1.06,1.95,0.18
1D03,Desert,Grassland,Desert,3,2,10/25/16,10/24/16,20.334,8.267,12.067,47.95,59.869,11.919,,0.906,0.359,0.228,2.467,0.74,,1.1,1.84,0.233
1D04,Desert,Grassland,Desert,4,2,10/25/16,10/24/16,21.395,8.275,13.12,47.77,60.683,12.913,,0.784,0.363,0.238,2.761,0.75,,1.11,1.86,0.194
1G01,Desert,Grassland,Grassland,1,2,10/25/16,10/24/16,18.772,7.835,10.937,48.05,58.873,10.823,,0.824,0.388,0.206,2.134,0.71,,1.07,1.78,0.186
1G02,Desert,Grassland,Grassland,2,2,10/25/16,10/24/16,18.71,7.667,11.043,49.02,59.917,10.897,,0.788,0.41,0.208,2.244,0.74,,1.08,1.82,0.222
1G03,Desert,Grassland,Grassland,3,2,10/25/16,10/24/16,21.051,7.504,13.547,48.74,62.058,13.318,,0.805,0.405,0.2,3.01,0.86,,1.13,1.99,0.208
1G04,Desert,Grassland,Grassland,4,2,10/25/16,10/24/16,17.742,7.611,10.131,48.98,58.934,9.954,,0.804,0.4,0.199,2.702,1,,1.06,2.06,0.197
1G05,Desert,Grassland,Grassland,5,2,10/25/16,10/24/16,17.421,7.557,9.864,,57.594,,,0.792,0.394,0.194,2.086,0.74,,1.11,1.85,0.196
1L01,Desert,Desert,,1,2,10/25/16,10/24/16,10.78,5.36,5.42,48.15,53.46,5.31,,,,0.21,1.53,0.77,,1.08,1.85,0.19
1L02,Desert,Desert,,2,2,10/25/16,10/24/16,9.45,4.76,4.69,48.93,53.41,4.48,,,,0.2,1.6,0.57,,1.09,1.66,0.21
1L03,Desert,Desert,,3,2,10/25/16,10/24/16,8.85,4.48,4.37,47.32,51.55,4.23,,,,0.19,1.46,0.56,,1.09,1.65,0.19
1L04,Desert,Desert,,4,2,10/25/16,10/24/16,8.69,4.66,4.03,49.03,52.98,3.95,,,,0.19,1.71,0.8,,1.08,1.88,0.21
1N01,Desert,Desert,,1,2,10/25/16,10/24/16,10.65,6.98,3.67,48.05,51.68,3.63,,0.4022,0.1895,0.18,1.55,0.7,,1.11,1.81,0.19
1N02,Desert,Desert,,2,2,10/25/16,10/24/16,10.92,7.1,3.82,47.18,50.91,3.73,,0.4009,0.1945,0.19,1.47,0.61,,1.08,1.69,0.21
1N03,Desert,Desert,,3,2,10/25/16,10/24/16,11.28,7.3,3.98,48.07,52.02,3.95,,0.4,0.197,0.21,1.55,0.58,,1.1,1.68,0.19
1N04,Desert,Desert,,4,2,10/25/16,10/24/16,10.8,7.5,3.3,50.56,53.84,3.28,,,,0.21,1.43,0.66,,1.1,1.76,0.19
1P01,Desert,Grassland,Oak Pine,1,2,10/25/16,10/24/16,18.302,6.923,11.379,49,60.164,11.164,,0.803,0.425,0.23,2.875,0.9,,1.08,1.98,0.225
1P02,Desert,Grassland,Oak Pine,2,2,10/25/16,10/24/16,17.953,8.16,9.793,47.25,56.842,9.592,,0.796,0.399,0.222,2.16,0.82,,1.07,1.89,0.226
1P03,Desert,Grassland,Oak Pine,3,2,10/25/16,10/24/16,18.523,7.897,10.626,49.06,59.496,10.436,,0.811,0.443,0.2,2.082,0.76,,1.09,1.85,0.222
1P04,Desert,Grassland,Oak Pine,4,2,10/25/16,10/24/16,19.007,7.2,11.807,47.88,59.163,11.283,,0.844,0.464,0.222,1.853,0.61,,1.07,1.68,0.223
1S01,Desert,Grassland,Subalpine,1,2,10/25/16,10/24/16,16.12,5.474,10.646,47.46,56.127,8.667,,0.831,0.443,0.264,1.796,0.33,,1.1,1.32,0.225
1S02,Desert,Grassland,Subalpine,2,2,10/25/16,10/24/16,24.364,8.426,15.938,48.21,63.883,15.673,,0.824,0.444,0.236,1.937,0.42,,1.07,1.49,0.24
1S03,Desert,Grassland,Subalpine,3,2,10/25/16,10/24/16,20.89,7.049,13.841,47.93,61.594,13.664,,0.829,0.417,0.191,2.172,0.58,,1.08,1.66,0.202
1S04,Desert,Grassland,Subalpine,4,2,10/25/16,10/24/16,23.254,8.214,15.04,49.18,63.991,14.811,,0.869,0.435,0.224,2.196,0.49,,1.07,1.56,0.194
1W01,Desert,Grassland,Woodland,1,2,10/25/16,10/24/16,18.84,7.465,11.375,48.65,59.842,11.192,,0.793,0.411,0.197,3.313,1.04,,1.08,2.12,0.209
1W02,Desert,Grassland,Woodland,2,2,10/25/16,10/24/16,17.303,8.031,9.272,47.92,57.023,9.103,,0.803,0.427,0.22,2.126,0.78,,1.09,1.87,0.2
1W03,Desert,Grassland,Woodland,3,2,10/25/16,10/24/16,19.642,6.85,12.792,47.92,59.346,11.426,,0.803,0.408,0.227,2.244,0.66,,1.06,1.72,0.206
1W04,Desert,Grassland,Woodland,4,2,10/25/16,10/24/16,14.829,5.17,9.659,48.03,55.252,7.222,,0.823,0.408,0.228,2.105,0.67,,1.08,1.75,0.21
2C01,Grassland,Grassland,,1,2,10/25/16,10/23/16,9.294,6.042,3.252,47.89,51.215,3.325,,,,0.115,1.389,1.14,,1.1,2.24,0.111
2C02,Grassland,Grassland,,2,2,10/25/16,10/23/16,9.578,5.888,3.69,47.84,51.528,3.688,,,,0.115,1.367,1.17,,1.09,2.26,0.107
2C03,Grassland,Grassland,,3,2,10/25/16,10/23/16,9.203,5.951,3.252,47.87,51.115,3.245,,,,0.12,1.202,1,,1.11,2.11,0.118
2C04,Grassland,Grassland,,4,2,10/25/16,10/23/16,9.175,5.976,3.199,47.3,50.459,3.159,,,,0.104,1.211,1.03,,1.1,2.13,0.11
2D01,Grassland,Grassland,Desert,1,2,10/25/16,10/23/16,9.64,5.99,3.65,47.27,50.93,3.66,,0.411,0.202,0.112,2.007,1.72,,1.08,2.8,0.101
2D02,Grassland,Grassland,Desert,2,2,10/25/16,10/23/16,8.176,5.245,2.931,48.72,50.541,1.821,,0.402,0.226,0.126,1.803,1.52,,1.11,2.63,0.103
2D03,Grassland,Grassland,Desert,3,2,10/25/16,10/23/16,8.312,5.201,3.111,47.66,49.647,1.987,,0.411,0.218,0.103,1.747,1.52,,1.07,2.59,0.091
2D04,Grassland,Grassland,Desert,4,2,10/25/16,10/23/16,9.333,6.028,3.305,48.39,51.695,3.305,,0.414,0.19,0.118,2.079,1.81,,1.09,2.9,0.104
2G01,Grassland,Grassland,Grassland,1,2,10/25/16,10/23/16,9.082,5.915,3.167,47.27,50.408,3.138,,0.394,0.21,0.126,1.966,1.66,,1.1,2.76,0.111
2G02,Grassland,Grassland,Grassland,2,2,10/25/16,10/23/16,9.093,6.019,3.074,48.69,51.757,3.067,,0.426,0.232,0.127,1.837,1.56,,1.08,2.64,0.098
2G03,Grassland,Grassland,Grassland,3,2,10/25/16,10/23/16,9.21,6.222,2.988,50.37,53.36,2.99,,0.399,0.199,0.103,1.755,1.5,,1.1,2.6,0.094
2G04,Grassland,Grassland,Grassland,4,2,10/25/16,10/23/16,8.833,5.811,3.022,47.31,50.352,3.042,,0.419,0.2,0.1,1.831,1.58,,1.11,2.69,0.096
2L01,Grassland,Grassland,,1,2,10/25/16,10/23/16,5.289,3.7814,1.5076,47.3,48.8351,1.5351,,,,0.106,1.1096,0.97,,1.1,2.07,0.1146
2L02,Grassland,Grassland,,2,2,10/25/16,10/23/16,5.0648,3.0302,2.0346,47.86,49.1574,1.2974,,,,0.1088,0.8701,0.75,,1.11,1.86,0.1071
2L03,Grassland,Grassland,,3,2,10/25/16,10/23/16,5.1667,3.7755,1.3912,48.1,49.548,1.448,,,,0.1144,0.9896,0.76,,1.08,1.84,0.0906
2L04,Grassland,Grassland,,4,2,10/25/16,10/23/16,5.13,3.5478,1.5822,47.59,49.3127,1.7227,,,,0.1052,0.991,0.85,,1.12,1.97,0.0994
2N01,Grassland,Grassland,,1,2,10/25/16,10/23/16,7.381,5.823,1.558,50.62,52.189,1.569,,,,0.119,1.07,0.87,,1.11,1.98,0.118
2N02,Grassland,Grassland,,2,2,10/25/16,10/23/16,7.43,5.863,1.567,47.3,48.899,1.599,,,0.1757,0.115,1.023,0.85,,1.1,1.95,0.099
2N03,Grassland,Grassland,,3,2,10/25/16,10/23/16,7.258,5.674,1.584,50.4,52.054,1.654,,,0.2001,0.102,1.016,0.83,,1.11,1.94,0.105
2N04,Grassland,Grassland,,4,2,10/25/16,10/23/16,7.0341,4.7945,2.2396,50.85,52.22,1.37,,,0.056,0.1115,0.9986,0.84,,1.1,1.94,0.102
2P01,Grassland,Grassland,Oak Pine,1,2,10/25/16,10/23/16,9.057,6.122,2.935,50.88,53.813,2.933,,0.409,0.216,0.117,1.269,1.07,,1.11,2.18,0.104
2P02,Grassland,Grassland,Oak Pine,2,2,10/25/16,10/23/16,9.593,5.992,3.601,50.8,54.463,3.663,,0.413,0.212,0.121,2.003,1.72,,1.11,2.83,0.099
2P03,Grassland,Grassland,Oak Pine,3,2,10/25/16,10/23/16,8.59,5.964,2.626,50.6,53.276,2.676,,0.405,0.215,0.098,1.175,1.12,,1.09,2.09,0.097
2P04,Grassland,Grassland,Oak Pine,4,2,10/25/16,10/23/16,9.094,5.874,3.22,48.09,51.276,3.186,,0.41,0.218,0.105,1.873,1.59,,1.12,2.71,0.108
2S01,Grassland,Grassland,Subalpine,1,2,10/25/16,10/23/16,9.3,5.68,3.62,47.41,51.039,3.629,,0.407,0.198,0.12,1.996,1.71,,1.1,2.81,0.104
2S02,Grassland,Grassland,Subalpine,2,2,10/25/16,10/23/16,9.273,5.991,3.282,48.74,51.988,3.248,,0.417,0.201,0.122,1.224,1.02,,1.09,2.11,0.108
2S03,Grassland,Grassland,Subalpine,3,2,10/25/16,10/23/16,9.35,5.827,3.523,47.91,51.398,3.488,,0.406,0.214,0.106,1.295,1.1,,1.11,2.21,0.107
2S04,Grassland,Grassland,Subalpine,4,2,10/25/16,10/23/16,9.623,6.249,3.374,47.96,51.321,3.361,,0.397,0.203,0.117,1.275,1.08,,1.08,2.16,0.11
2W01,Grassland,Grassland,Woodland,1,2,10/25/16,10/23/16,8.023,5.673,2.35,47.97,50.343,2.373,,0.408,0.21,0.116,1.264,1.07,,1.08,2.15,0.098
2W02,Grassland,Grassland,Woodland,2,2,10/25/16,10/23/16,8.156,5.991,2.165,48.65,50.822,2.172,,0.394,0.201,0.1,1.144,0.95,,1.11,2.06,0.101
2W03,Grassland,Grassland,Woodland,3,2,10/25/16,10/23/16,8.936,5.974,2.962,47.99,50.959,2.969,,0.394,0.217,0.106,1.802,1.53,,1.12,2.65,0.093
2W04,Grassland,Grassland,Woodland,4,2,10/25/16,10/23/16,9.391,5.979,3.412,48.77,52.205,3.435,,0.405,0.217,0.122,2.029,1.76,,1.08,2.84,0.1
3C02,Oak-Pine,Grassland,,2,2,10/25/16,10/24/16,14.95,7.55,7.4,50.68,57.97,7.29,,,,0.2,2.11,0.84,,1.06,1.9,0.19
3C03,Oak-Pine,Grassland,,3,2,10/25/16,10/24/16,13.96,7.25,6.71,48.08,54.74,6.66,,,,0.22,2.25,0.99,,1.08,2.07,0.2
3C04,Oak-Pine,Grassland,,4,2,10/25/16,10/24/16,13.42,7.03,6.39,49.15,55.45,6.3,,,,0.19,2.03,0.9,,1.11,2.01,0.2
3D01,Oak-Pine,Grassland,Desert,1,2,10/25/16,10/24/16,15.14,7.26,7.88,47.31,55.04,7.73,,0.83,0.42,0.2,2.04,0.81,,1.09,1.9,0.22
3D02,Oak-Pine,Grassland,Desert,2,2,10/25/16,10/24/16,20.23,7.59,12.64,50.42,62.89,12.47,,0.82,0.43,0.22,2.07,0.5,,1.1,1.6,0.25
3D03,Oak-Pine,Grassland,Desert,3,2,10/25/16,10/24/16,9.65,6.32,3.33,47.99,52.34,4.35,,0.82,0.4,0.2,2.09,1.44,,1.09,2.53,0.19
3D04,Oak-Pine,Grassland,Desert,4,2,10/25/16,10/24/16,20.19,6.16,14.03,50.58,63.26,12.68,,0.8,0.42,0.21,2.18,0.49,,1.1,1.59,0.2
3G01,Oak-Pine,Grassland,Grassland,1,2,10/25/16,10/24/16,12.01,6.96,5.05,48.08,52.95,4.87,,0.81,0.41,0.2,2.12,0.86,,1.09,1.95,0.2
3G02,Oak-Pine,Grassland,Grassland,2,2,10/25/16,10/24/16,12.28,6.82,5.46,48.1,53.3,5.2,,0.83,0.4,0.19,2.13,1.22,,1.09,2.31,0.2
3G03,Oak-Pine,Grassland,Grassland,3,2,10/25/16,10/24/16,14.52,7.5,7.02,50.57,57.47,6.9,,0.82,0.39,0.23,2.06,0.83,,1.1,1.93,0.2
3G04,Oak-Pine,Grassland,Grassland,4,2,10/25/16,10/24/16,15.85,7.18,8.67,50.94,59.43,8.49,,0.86,0.43,0.22,2.1,0.68,,1.1,1.78,0.25
3L01,Oak-Pine,Oak-Pine,,1,2,10/25/16,10/24/16,8.15,4.57,3.58,47.28,50.84,3.56,,,,0.2,1.46,0.65,,1.11,1.76,0.21
3L02,Oak-Pine,Oak-Pine,,2,2,10/25/16,10/24/16,9.24,4.56,4.68,48.13,52.74,4.61,,,,0.21,1.83,0.64,,1.1,1.74,0.21
3L03,Oak-Pine,Oak-Pine,,3,2,10/25/16,10/24/16,9.03,4.71,4.32,48.73,53.02,4.29,,,,0.2,1.85,0.63,,1.05,1.68,0.19
3L04,Oak-Pine,Oak-Pine,,4,2,10/25/16,10/24/16,7.81,4.39,3.42,47.86,51.15,3.29,,,,0.2,1.54,0.66,,1.11,1.77,0.19
3N01,Oak-Pine,Oak-Pine,,1,2,10/25/16,10/24/16,11.63,7.45,4.18,47.37,51.49,4.12,,0.3956,0.1956,0.22,1.66,0.6,,1.07,1.67,0.19
3N02,Oak-Pine,Oak-Pine,,2,2,10/25/16,10/24/16,11.72,7.26,4.46,48.07,52.52,4.45,,0.428,0.203,0.22,1.74,0.57,,1.09,1.66,0.21
3N03,Oak-Pine,Oak-Pine,,3,2,10/25/16,10/24/16,10.98,7.32,3.66,47.18,50.8,3.62,,0.3878,0.1982,0.21,1.58,0.62,,1.1,1.72,0.21
3N04,Oak-Pine,Oak-Pine,,4,2,10/25/16,10/24/16,10.62,6.92,3.7,47.34,50.99,3.65,,0.4005,0.2031,0.21,1.27,0.5,,1.08,1.58,0.22
3P01,Oak-Pine,Grassland,Oak Pine,1,2,10/25/16,10/24/16,15.3,7.04,8.26,48.04,56.15,8.11,,0.81,0.41,0.21,2.2,0.72,,1.08,1.8,0.2
3P02,Oak-Pine,Grassland,Oak Pine,2,2,10/25/16,10/24/16,12.95,6.95,6,50.4,56.2,5.8,,0.83,0.41,0.21,2.2,1.11,,1.09,2.2,0.2
3P03,Oak-Pine,Grassland,Oak Pine,3,2,10/25/16,10/24/16,11.65,6.44,5.21,50.69,55.7,5.01,,0.8,0.41,0.2,2.31,1.36,,1.12,2.48,0.2
3P04,Oak-Pine,Grassland,Oak Pine,4,2,10/25/16,10/24/16,19.18,7.4,11.78,50.39,61.95,11.56,,0.85,0.44,0.23,2.98,0.76,,1.1,1.86,0.21
3S01,Oak-Pine,Grassland,Subalpine,1,2,10/25/16,10/24/16,21.39,7.23,14.16,50.66,64.55,13.89,,0.8,0.4,0.22,,0.42,,1.1,1.52,0.21
3S02,Oak-Pine,Grassland,Subalpine,2,2,10/25/16,10/24/16,13.22,7.08,6.14,48.76,54.68,5.92,,0.81,0.41,0.22,2.22,1.15,,1.09,2.24,0.2
3S03,Oak-Pine,Grassland,Subalpine,3,2,10/25/16,10/24/16,10.66,6.54,4.12,47.39,51.35,3.96,,0.81,0.44,0.19,1.78,1.21,,1.08,2.29,0.2
3S04,Oak-Pine,Grassland,Subalpine,4,2,10/25/16,10/24/16,12.73,7.01,5.72,47.43,52.99,5.56,,0.84,0.4,0.22,2.31,1.21,,1.11,2.32,0.21
3W01,Oak-Pine,Grassland,Woodland,1,2,10/25/16,10/24/16,13.04,6.74,6.3,50.61,56.76,6.15,,0.81,0.45,0.25,2.05,0.92,,1.09,2.01,0.2
3W02,Oak-Pine,Grassland,Woodland,2,2,10/25/16,10/24/16,12.79,7.13,5.66,48.66,54.2,5.54,,0.8,0.39,0.21,2.03,1.07,,1.08,2.15,0.21
3W03,Oak-Pine,Grassland,Woodland,3,2,10/25/16,10/24/16,10.63,6.28,4.35,50.5,54.65,4.15,,0.8,0.41,0.21,2.13,1.52,,1.09,2.61,0.2
3W04,Oak-Pine,Grassland,Woodland,4,2,10/25/16,10/24/16,15.66,7.71,7.95,47.37,55.06,7.69,,0.83,0.41,0.22,2.29,0.58,,1.11,1.69,0.2
4C01,Woodland,Grassland,,1,2,10/25/16,10/24/16,19.91,7.67,12.24,50.55,62.68,12.13,,,,0.22,2.35,0.6,,1.11,1.71,0.2
4C02,Woodland,Grassland,,2,2,10/25/16,10/24/16,21.05,7.55,13.5,50.26,63.6,13.34,,,,0.22,2.23,0.51,,1.08,1.59,0.2
4C03,Woodland,Grassland,,3,2,10/25/16,10/24/16,16.93,7.24,9.69,50.72,60.21,9.49,,,,0.21,2.24,0.82,,1.08,1.9,0.2
4C04,Woodland,Grassland,,4,2,10/25/16,10/24/16,21.86,7.35,14.51,50.65,65,14.35,,,,0.2,2,0.48,,1.09,1.57,0.19
4D01,Woodland,Grassland,Desert,1,2,10/25/16,10/24/16,21.29,7.99,13.3,50.71,63.84,13.13,,0.8,0.44,0.21,2.15,0.5,,1.1,1.6,0.21
4D02,Woodland,Grassland,Desert,2,2,10/25/16,10/24/16,20.62,7.31,13.31,50.56,49.08,-1.48,,0.85,0.43,0.24,2.01,0.49,,1.08,1.57,0.24
4D03,Woodland,Grassland,Desert,3,2,10/25/16,10/24/16,19.85,7.52,12.33,50.42,62.63,12.21,,0.81,0.44,0.24,2.21,0.59,,1.09,1.68,0.21
4D04,Woodland,Grassland,Desert,4,2,10/25/16,10/24/16,20.38,7.6,12.78,50.51,61.26,10.75,,0.85,0.42,0.23,2.02,0.52,,1.09,1.61,0.21
4G01,Woodland,Grassland,Grassland,1,2,10/25/16,10/24/16,18.85,7.55,11.3,50.62,61.74,11.12,,0.85,0.45,0.18,2.17,0.61,,1.05,1.66,0.2
4G02,Woodland,Grassland,Grassland,2,2,10/25/16,10/24/16,18.15,7.52,10.63,51.02,61.44,10.42,,0.82,0.42,0.21,2.34,0.55,,1.07,1.62,0.18
4G03,Woodland,Grassland,Grassland,3,2,10/25/16,10/24/16,18.71,7.82,10.89,50.34,61.04,10.7,,0.86,0.39,0.21,2.1,0.39,,1.1,1.49,0.22
4G04,Woodland,Grassland,Grassland,4,2,10/25/16,10/24/16,15.89,7.47,8.42,50.71,58.84,8.13,,0.8,0.39,0.24,2.02,0.54,,1.07,1.61,0.18
4L01,Woodland,Woodland,,1,2,10/25/16,10/24/16,9.07,4.61,4.46,47.36,51.68,4.32,,,,0.21,1.58,0.56,,1.08,1.64,0.21
4L02,Woodland,Woodland,,2,2,10/25/16,10/24/16,9.52,4.82,4.7,47.84,52.4,4.56,,,,0.21,1.19,0.36,,1.1,1.46,0.21
4L03,Woodland,Woodland,,3,2,10/25/16,10/24/16,9.06,4.69,4.37,49.01,53.18,4.17,,,,0.18,1.21,0.31,,1.08,1.39,0.2
4L04,Woodland,Woodland,,4,2,10/25/16,10/24/16,9.86,4.68,5.18,48.23,53.18,4.95,,,,0.2,1.89,0.58,,1.08,1.66,0.21
4N01,Woodland,Woodland,,1,2,10/25/16,10/24/16,10.29,7.23,3.06,48.22,51.29,3.07,,0.415,0.193,0.21,1.49,0.74,,1.09,1.83,0.2
4N02,Woodland,Woodland,,2,2,10/25/16,10/24/16,10.26,7.14,3.12,48.8,51.88,3.08,,0.395,0.207,0.21,1.26,0.6,,1.09,1.69,0.22
4N03,Woodland,Woodland,,3,2,10/25/16,10/24/16,9.72,6.95,2.77,48.15,50.87,2.72,,0.416,0.213,0.21,1.23,0.65,,1.09,1.74,0.19
4N04,Woodland,Woodland,,4,2,10/25/16,10/24/16,11.63,7.57,4.06,47.77,51.75,3.98,,0.407,0.227,0.19,1.64,0.57,,1.08,1.65,0.19
4P01,Woodland,Grassland,Oak Pine,1,2,10/25/16,10/24/16,20.46,6.41,14.05,50.58,63.23,12.65,,0.83,0.43,0.19,2.09,0.47,,1.1,1.57,0.21
4P02,Woodland,Grassland,Oak Pine,2,2,10/25/16,10/24/16,17.75,7.87,9.88,50.4,60.06,9.66,,0.79,0.43,0.21,2.12,0.71,,1.07,1.78,0.21
4P03,Woodland,Grassland,Oak Pine,3,2,10/25/16,10/24/16,17.38,7.22,10.16,50.46,61.66,11.2,,0.84,0.41,0.25,2.14,0.62,,1.06,1.68,0.18
4P04,Woodland,Grassland,Oak Pine,4,2,10/25/16,10/24/16,17.81,7.44,10.37,50.75,61.04,10.29,,0.84,0.45,0.18,2.04,0.64,,1.09,1.73,0.17
4S01,Woodland,Grassland,Subalpine,1,2,10/25/16,10/24/16,18.87,7.55,11.32,50.52,61.71,11.19,,0.83,0.43,0.21,2.19,0.65,,1.07,1.72,0.21
4S02,Woodland,Grassland,Subalpine,2,2,10/25/16,10/24/16,17.73,7.2,10.53,50.41,60.81,10.4,,0.8,0.42,0.21,2.08,0.67,,1.08,1.75,0.22
4S03,Woodland,Grassland,Subalpine,3,2,10/25/16,10/24/16,18.27,7.15,11.12,50.69,61.67,10.98,,0.82,0.39,0.22,2.08,0.59,,1.08,1.67,0.19
4S04,Woodland,Grassland,Subalpine,4,2,10/25/16,10/24/16,16.18,7.17,9.01,50.69,59.56,8.87,,0.82,0.4,0.21,2.06,0.77,,1.08,1.85,0.19
4W01,Woodland,Grassland,Woodland,1,2,10/25/16,10/24/16,16.05,6.97,9.08,50.38,59.19,8.81,,0.81,0.43,0.23,2.15,0.72,,1.09,1.81,0.18
4W02,Woodland,Grassland,Woodland,2,2,10/25/16,10/24/16,18.06,7.27,10.79,50.47,61.08,10.61,,0.82,0.42,0.22,2.05,0.59,,1.11,1.7,0.18
4W03,Woodland,Grassland,Woodland,3,2,10/25/16,10/24/16,19.66,7.25,12.41,50.29,62.56,12.27,,0.81,0.44,0.19,2.17,0.59,,1.07,1.66,0.22
4W04,Woodland,Grassland,Woodland,4,2,10/25/16,10/24/16,17.38,6.85,10.53,50.65,60.59,9.94,,0.81,0.39,0.21,2.08,0.63,,1.1,1.73,0.2
5C01,Subalpine,Grassland,,1,2,10/25/16,10/24/16,28.19,7.68,20.51,50.84,71.18,20.34,,,,0.22,2.61,0.36,,1.11,1.47,0.22
5C02,Subalpine,Grassland,,2,2,10/25/16,10/24/16,30.55,7.68,22.87,50.59,73.29,22.7,,,,0.18,2.57,0.3,,1.09,1.39,0.19
5C03,Subalpine,Grassland,,3,2,10/25/16,10/24/16,22.89,7.61,15.28,50.35,65.51,15.16,,,,0.19,2.39,0.44,,1.1,1.54,0.19
5C04,Subalpine,Grassland,,4,2,10/25/16,10/24/16,16.09,7.32,8.77,50.41,59.13,8.72,,,,0.21,2.61,0.94,,1.11,2.05,0.2
5D01,Subalpine,Grassland,Desert,1,2,10/25/16,10/24/16,30.7,8.18,22.52,50.64,72.62,21.98,,0.789,0.395,0.179,2.436,0.3,,1.09,1.39,0.194
5D02,Subalpine,Grassland,Desert,2,2,10/25/16,10/24/16,53.7107,7.9199,45.7908,50.33,65.95,15.62,,0.8197,0.4193,0.2128,1.2457,0.22,,1.07,1.29,0.2015
5D03,Subalpine,Grassland,Desert,3,2,10/25/16,10/24/16,26.507,7.5703,18.9367,50.67,69.38,18.71,,0.7831,0.4183,0.2103,1.7086,0.28,,1.07,1.35,0.2121
5D04,Subalpine,Grassland,Desert,4,2,10/25/16,10/24/16,15.07,7.38,7.69,50.96,59.63,8.67,,0.853,0.4367,0.2064,2.4822,0.86,,1.1,1.96,0.1973
5G01,Subalpine,Grassland,Grassland,1,2,10/25/16,10/24/16,23.0064,7.0904,15.916,50.71,66.42,15.71,,0.7752,0.3986,0.187,2.372,0.37,,1.1,1.47,0.262
5G02,Subalpine,Grassland,Grassland,2,2,10/25/16,10/24/16,16.8802,7.2585,9.6217,50.78,60.24,9.46,,0.7943,0.4033,0.1994,0.2522,0.08,,1.07,1.11,0.2165
5G03,Subalpine,Grassland,Grassland,3,2,10/25/16,10/24/16,21.82,8.23,13.59,50.57,63.9,13.33,,0.8365,0.4084,0.2012,2.1267,0.56,,1.11,1.67,0.2027
5G04,Subalpine,Grassland,Grassland,4,2,10/25/16,10/24/16,13.29,6.35,6.94,50.8,56.57,5.77,,0.8024,0.4046,0.1925,2.1169,1.38,,1.11,2.49,0.207
5L01,Subalpine,Subalpine,,1,2,10/25/16,10/24/16,9.17,4.82,4.35,47.96,52.11,4.15,,,,0.22,1.36,0.48,,1.12,1.6,0.18
5L02,Subalpine,Subalpine,,2,2,10/25/16,10/24/16,9.32,4.87,4.45,48.09,52.33,4.24,,,,0.23,1.32,0.49,,1.09,1.58,0.18
5L03,Subalpine,Subalpine,,3,2,10/25/16,10/24/16,9.04,4.62,4.42,49.2,53.51,4.31,,,,0.19,1.65,0.57,,1.11,1.68,0.18
5L04,Subalpine,Subalpine,,4,2,10/25/16,10/24/16,8.78,4.58,4.2,48.59,52.58,3.99,,,,0.19,1.48,0.53,,1.1,1.63,0.19
5N01,Subalpine,Subalpine,,1,2,10/25/16,10/24/16,12.24,7.61,4.63,47.39,51.92,4.53,,0.405,0.208,0.2,2.05,0.72,,1.1,1.82,0.22
5N02,Subalpine,Subalpine,,2,2,10/25/16,10/24/16,13.2,7.67,5.53,48.86,54.11,5.25,,0.3929,0.2163,0.23,1.05,0.28,,1.09,1.37,0.2
5N03,Subalpine,Subalpine,,3,2,10/25/16,10/24/16,11.45,7.23,4.22,47.27,51.44,4.17,,0.418,0.234,0.19,1.74,0.67,,1.09,1.76,0.18
5N04,Subalpine,Subalpine,,4,2,10/25/16,10/24/16,10.37,7.11,3.26,47.95,51.22,3.27,,0.4009,0.2002,0.19,1.16,0.57,,1.13,1.7,0.19
5P01,Subalpine,Grassland,Oak Pine,1,2,10/25/16,10/24/16,23.3337,7.523,15.8107,50.75,66.26,15.51,,0.7748,0.445,0.2181,1.2797,0.18,,1.09,1.27,0.2212
5P02,Subalpine,Grassland,Oak Pine,2,2,10/25/16,10/24/16,27.7758,7.5689,20.2069,50.46,70.38,19.92,,0.846,0.4362,0.2161,1.4214,0.15,,1.08,1.23,0.2158
5P03,Subalpine,Grassland,Oak Pine,3,2,10/25/16,10/24/16,24.8625,8.5703,16.2922,50.74,66.85,16.11,,0.8054,0.4135,0.1758,1.4285,0.26,,1.09,1.35,0.2632
5P04,Subalpine,Grassland,Oak Pine,4,2,10/25/16,10/24/16,14.7975,7.373,7.4245,50.96,58.15,7.19,,0.7728,0.412,0.2279,1.2217,0.49,,1.1,1.59,0.2077
5S01,Subalpine,Grassland,Subalpine,1,2,10/25/16,10/24/16,23.9752,7.5045,16.4707,50.59,66.81,16.22,,0.8057,0.4326,0.2209,1.2465,0.18,,1.09,1.27,0.1924
5S02,Subalpine,Grassland,Subalpine,2,2,10/25/16,10/24/16,22.0175,7.4295,14.588,50.34,65.84,15.5,,0.8632,0.4004,0.2205,1.3589,0.22,,1.1,1.32,0.1909
5S03,Subalpine,Grassland,Subalpine,3,2,10/25/16,10/24/16,17.2709,6.8935,10.3774,50.71,61.46,10.75,,0.7958,0.3991,0.194,0.2314,0.08,,1.09,1.11,0.2102
5S04,Subalpine,Grassland,Subalpine,4,2,10/25/16,10/24/16,13.9757,6.34,7.6357,50.26,56.77,6.51,,0.8838,0.463,0.209,2.4844,1.1,,1.07,2.17,0.1986
5W01,Subalpine,Grassland,Woodland,1,2,10/25/16,10/24/16,25.2432,8.5342,16.709,50.62,67.13,16.51,,0.8504,0.4315,0.2304,2.3136,0.37,,1.07,1.44,0.1856
5W02,Subalpine,Grassland,Woodland,2,2,10/25/16,10/24/16,24.6652,7.4708,17.1944,50.6,67.55,16.95,,0.8484,0.4254,0.2152,1.3577,0.19,,1.11,1.3,0.1805
5W03,Subalpine,Grassland,Woodland,3,2,10/25/16,10/24/16,26.5223,7.5365,18.9858,50.58,69.28,18.7,,0.8783,0.3951,0.2078,1.1626,0.18,,1.09,1.27,0.1908
5W04,Subalpine,Grassland,Woodland,4,2,10/25/16,10/24/16,13.267,7.2766,5.9904,50.56,56.45,5.89,,0.8058,0.394,0.2254,1.0796,0.58,,1.09,1.67,0.2121
1D01,Desert,Grassland,Desert,1,3,,,10.031,6.099,3.932,48.95,52.588,3.638,0.046,0.422,0.201,0.102,1.121,0.98,,1.89,2.87,0.098
1D02,Desert,Grassland,Desert,2,3,,,9.328,5.832,3.496,49.05,52.508,3.458,0.052,0.398,0.2,0.097,1.154,0.99,,1.84,2.83,0.095
1D03,Desert,Grassland,Desert,3,3,,,9.611,5.827,3.784,48.21,52.015,3.805,0.048,0.386,0.208,0.106,1.201,1,,1.92,2.92,0.108
1D04,Desert,Grassland,Desert,4,3,,,9.483,5.508,3.975,48.12,52.041,3.921,0.047,0.395,0.206,0.106,1.58,1.37,,1.9,3.27,0.101
1G01,Desert,Grassland,Grassland,1,3,,,9.848,5.937,3.911,47.29,51.212,3.922,0.05,0.402,0.206,0.104,1.021,0.87,,1.89,2.76,0.104
1G02,Desert,Grassland,Grassland,2,3,,,9.771,4.257,5.514,49.04,,,0.055,0.409,0.213,0.108,1.086,0.92,,1.88,2.8,0.105
1G03,Desert,Grassland,Grassland,3,3,,,10.011,6.092,3.919,48.75,52.615,3.865,0.053,0.4,0.212,0.101,1.064,0.89,,1.93,2.82,0.115
1G04,Desert,Grassland,Grassland,4,3,,,10.032,6.254,3.778,47.42,51.188,3.768,0.053,0.408,0.204,0.109,1.018,0.85,,1.91,2.76,0.103
1W01,Desert,Grassland,Woodland,1,3,,,10.003,6.494,3.509,47.95,51.405,3.455,0.055,0.414,0.214,0.098,1.014,0.87,,1.9,2.77,0.108
1W02,Desert,Grassland,Woodland,2,3,,,9.976,6.169,3.807,48.86,52.561,3.701,0.049,0.402,0.207,0.094,1.053,0.88,,1.91,2.79,0.096
1W03,Desert,Grassland,Woodland,3,3,,,10.066,6.414,3.652,48.15,51.822,3.672,0.055,0.4,0.211,0.112,1.035,0.85,,1.92,2.77,0.113
1W04,Desert,Grassland,Woodland,4,3,,,8.936,6.192,2.744,47.95,50.66,2.71,0.052,0.401,0.205,0.106,1.06,0.89,,1.96,2.85,1.08
1P01,Desert,Grassland,Oak Pine,1,3,,,7.743,4.373,3.37,47.95,49.298,1.348,0.054,0.395,0.201,0.106,1.072,0.94,,1.89,2.83,0.104
1P02,Desert,Grassland,Oak Pine,2,3,,,9.667,5.995,3.672,47.9,51.428,3.528,0.046,0.405,0.201,0.094,1.057,0.89,,1.85,2.74,0.1
1P03,Desert,Grassland,Oak Pine,3,3,,,9.982,6.202,3.78,47.5,51.004,3.504,0.052,0.495,0.203,0.109,1.058,0.88,,1.93,2.81,0.101
1P04,Desert,Grassland,Oak Pine,4,3,,,7.749,4.131,3.618,48.13,49.718,1.588,0.051,0.413,0.198,0.107,1.05,0.87,,1.91,2.78,0.098
1S01,Desert,Grassland,Subalpine,1,3,,,10.453,6.592,3.861,47.9,51.719,3.819,0.048,0.395,0.204,0.099,1.076,0.92,,1.87,2.79,0.11
1S02,Desert,Grassland,Subalpine,2,3,,,9.898,6.243,3.655,48.79,52.328,3.538,0.046,0.411,0.199,0.109,1.043,0.89,,1.84,2.73,0.096
1S03,Desert,Grassland,Subalpine,3,3,,,10.2061,6.403,3.8031,48.21,51.75,3.54,0.0545,0.4459,0.2002,0.1593,0.9907,0.85,,1.92,2.77,0.0995
1S04,Desert,Grassland,Subalpine,4,3,,,10.02,6.273,3.747,47.94,51.648,3.708,0.056,0.401,0.195,0.114,1.099,0.94,,1.9,2.84,0.105
1C01,Desert,Grassland,,1,3,,,9.942,6.08,3.862,47.99,51.812,3.822,,,,0.118,1.121,1,,1.89,2.89,0.103
1C02,Desert,Grassland,,2,3,,,10.088,6.163,3.925,47.9,51.69,3.79,,,,0.123,1.07,0.92,,1.87,2.79,0.119
1C03,Desert,Grassland,,3,3,,,9.822,6.431,3.391,47.31,50.786,3.476,,,,0.106,1.091,0.92,,1.9,2.82,0.112
1C04,Desert,Grassland,,4,3,,,9.946,6.073,3.873,48.22,52.065,3.845,,,,0.11,1.07,0.93,,1.93,2.86,0.109
1N01,Desert,Grassland,,1,3,,,8.236,6.203,2.033,48.01,50.047,2.037,,,,0.107,1.007,0.86,,1.86,2.72,0.11
1N02,Desert,Grassland,,2,3,,,7.772,5.857,1.915,48.82,50.773,1.953,,,,0.119,1.027,0.86,,1.88,2.74,0.111
1N03,Desert,Grassland,,3,3,,,8.242,6.342,1.9,48.25,50.165,1.915,,,,0.111,1.045,0.88,,1.89,2.77,0.108
1N04,Desert,Grassland,,4,3,,,5.942,5.918,0.024,47.9,49.867,1.967,,,,0.105,1.007,0.86,,1.9,2.76,0.1
1L01,Desert,Grassland,,1,3,,,5.416,3.753,1.663,48.1,49.8,1.7,,,,0.123,1.049,0.94,,1.9,2.84,0.12
1L02,Desert,Grassland,,2,3,,,5.3931,3.7486,1.6445,47.37,48.86,1.49,,,,0.1474,1.0862,0.98,,1.88,2.86,0.1043
1L03,Desert,Grassland,,3,3,,,5.203,3.627,1.576,47.25,48.853,1.603,,,,0.112,1.021,0.92,,1.9,2.82,0.112
1L04,Desert,Grassland,,4,3,,,5.147,3.6097,1.5373,48.1,49.61,1.51,,,,0.1504,1.013,0.9,,1.88,2.78,0.1017
2D01,Grassland,Grassland,Desert,1,3,,,7.96,5.935,2.025,49.05,51.017,1.967,0.051,0.406,0.205,0.103,0.852,0.72,,1.92,2.64,0.105
2D02,Grassland,Grassland,Desert,2,3,,,8.913,6.203,2.71,47.49,50.069,2.579,0.5,0.408,0.209,0.1,1.013,0.84,,1.83,2.67,0.106
2D03,Grassland,Grassland,Desert,3,3,,,,,,47.87,,,,,,,,,,1.93,,
2D04,Grassland,Grassland,Desert,4,3,,,8.416,6.173,2.243,47.57,49.803,2.233,0.056,0.407,0.208,0.106,1.033,0.86,,1.88,2.74,0.101
2G01,Grassland,Grassland,Grassland,1,3,,,8.818,6.418,2.4,48.12,50.489,2.369,0.051,0.408,0.2,0.104,1.031,0.86,,1.89,2.75,0.101
2G02,Grassland,Grassland,Grassland,2,3,,,8.634,6.223,2.411,47.4,49.814,2.414,0.05,0.405,0.199,0.1,1.034,0.88,,1.91,2.79,0.101
2G03,Grassland,Grassland,Grassland,3,3,,,8.315,6.354,1.961,48.63,50.615,1.985,0.049,0.409,0.202,0.097,0.862,0.71,,1.87,2.58,0.1
2G04,Grassland,Grassland,Grassland,4,3,,,8.401,6.229,2.172,48.04,50.223,2.183,0.045,0.402,0.195,0.098,1.053,0.89,,1.88,2.77,0.108
2W01,Grassland,Grassland,Woodland,1,3,,,8.014,6.467,1.547,47.8,49.328,1.528,0.054,0.409,0.204,0.106,0.407,0.3,,1.86,2.16,0.106
2W02,Grassland,Grassland,Woodland,2,3,,,8.727,6.245,2.482,47.9,50.357,2.457,0.045,0.399,0.209,0.092,1.392,1.18,,1.86,3.04,0.095
2W03,Grassland,Grassland,Woodland,3,3,,,8.057,6.066,1.991,48.11,50.056,1.946,0.05,0.405,0.206,0.108,0.794,0.65,,1.89,2.54,0.11
2W04,Grassland,Grassland,Woodland,4,3,,,8.419,6.082,2.337,47.52,49.762,2.242,0.053,0.407,0.208,0.108,1.018,0.85,,1.89,2.74,0.1
2P01,Grassland,Grassland,Oak Pine,1,3,,,8.339,6.421,1.918,47.39,49.283,1.893,0.045,0.395,0.201,0.11,0.811,0.65,,1.92,2.57,0.102
2P02,Grassland,Grassland,Oak Pine,2,3,,,8.294,6.229,2.065,47.39,49.443,2.053,0.052,0.4,0.096,0.102,1.068,0.91,,1.85,2.76,0.102
2P03,Grassland,Grassland,Oak Pine,3,3,,,8.163,6.223,1.94,47.33,49.26,1.93,0.045,0.4,0.196,0.108,0.836,0.67,,1.88,2.55,0.1
2P04,Grassland,Grassland,Oak Pine,4,3,,,8.482,6.392,2.09,47.98,50.079,2.099,0.053,0.418,0.201,0.099,0.97,0.8,,1.9,2.7,0.096
2S01,Grassland,Grassland,Subalpine,1,3,,,8.5238,6.3749,2.1489,48.96,49.1656,0.2056,0.0522,0.4016,0.2111,0.1098,0.966,0.8,,1.91,2.71,0.1045
2S02,Grassland,Grassland,Subalpine,2,3,,,8.2986,6.0947,2.2039,49.08,51.2336,2.1536,0.0508,0.3998,0.2119,0.1107,1.0016,0.82,,1.93,2.75,0.1088
2S03,Grassland,Grassland,Subalpine,3,3,,,8.0018,6.0272,1.9746,48.08,49.9668,1.8868,0.515,0.4007,0.2059,0.107,0.7568,0.6,,1.89,2.49,0.1067
2S04,Grassland,Grassland,Subalpine,4,3,,,8.201,6.104,2.097,48.87,50.949,2.079,0.049,0.409,0.192,0.102,1.002,0.74,,1.93,2.67,0.1
2C01,Grassland,Grassland,,1,3,,,8.78,6.161,2.619,47.83,50.375,2.545,,,,0.108,1.026,0.86,,1.88,2.74,0.096
2C02,Grassland,Grassland,,2,3,,,7.876,5.736,2.14,48.9,51.012,2.112,,,,0.106,1.024,0.86,,1.88,2.74,0.101
2C03,Grassland,Grassland,,3,3,,,8.656,6.137,2.519,48.13,50.609,2.479,,,,0.1,1.033,0.87,,1.88,2.75,0.101
2C04,Grassland,Grassland,,4,3,,,8.38,6.03,2.35,48,50.29,2.29,,,,0.1,1.131,0.93,,1.89,2.82,0.09
2N01,Grassland,Grassland,,1,3,,,7.088,6.177,0.911,47.47,48.382,0.912,,,,0.106,0.555,0.42,,1.91,2.33,0.102
2N02,Grassland,Grassland,,2,3,,,6.826,5.921,0.905,48.08,48.984,0.904,,,,0.109,0.571,0.44,,1.9,2.34,0.106
2N03,Grassland,Grassland,,3,3,,,6.88,5.93,0.95,47.5,48.362,0.862,,,,0.108,0.562,0.43,,1.88,2.31,0.103
2N04,Grassland,Grassland,,4,3,,,6.755,5.869,0.886,47.29,48.275,0.985,,,,0.108,0.684,0.55,,1.87,2.42,0.099
2L01,Grassland,Grassland,,1,3,,,4.87,3.76,1.11,48.19,49.27,1.08,,,,0.1,0.84,0.69,,1.94,2.63,0.1
2L02,Grassland,Grassland,,2,3,,,5.27,4.135,1.135,48.08,49.206,1.126,,,,0.11,0.871,0.73,,1.84,2.57,0.104
2L03,Grassland,Grassland,,3,3,,,4.78,3.81,0.97,47.4,48.36,0.96,,,,0.11,0.64,0.51,,1.89,2.4,0.11
2L04,Grassland,Grassland,,4,3,,,5.13,3.86,1.27,47.28,48.45,1.17,,,,0.11,0.9,0.74,,1.89,2.63,0.1
3D01,Oak-Pine,Grassland,Desert,1,3,,,8.8814,6.2512,2.6302,47.29,49.9142,2.6242,0.054,0.4141,0.2074,0.099,0.9612,0.77,,1.89,2.66,0.1064
3D02,Oak-Pine,Grassland,Desert,2,3,,,8.8466,5.977,2.8696,48.02,50.9168,2.8968,0.0497,0.4312,0.2071,0.1053,1.055,0.9,,1.91,2.81,0.1172
3D03,Oak-Pine,Grassland,Desert,3,3,,,8.8367,5.8999,2.9368,48.65,51.5969,2.9469,0.0523,0.4079,0.1982,0.0955,1.0028,0.84,,1.88,2.72,0.1098
3D04,Oak-Pine,Grassland,Desert,4,3,,,8.9013,5.9882,2.9131,47.98,50.8917,2.9117,0.0568,0.4386,0.2156,0.1068,1.0624,0.89,,1.89,2.78,0.1014
3G01,Oak-Pine,Grassland,Grassland,1,3,,,8.4834,5.9851,2.4983,47.49,49.9819,2.4919,0.0533,0.3932,0.2042,0.1038,1.0105,0.84,,1.9,2.74,0.1027
3G02,Oak-Pine,Grassland,Grassland,2,3,,,8.621,5.9661,2.6549,47.44,50.0769,2.6369,0.0525,0.4053,0.1965,0.0988,1.158,0.98,,1.85,2.83,0.0983
3G03,Oak-Pine,Grassland,Grassland,3,3,,,8.6081,5.9186,2.6895,48.81,51.509,2.699,0.0514,0.426,0.2039,0.0981,1.037,0.87,,1.89,2.76,0.1094
3G04,Oak-Pine,Grassland,Grassland,4,3,,,8.8262,6.1286,2.6976,49.08,51.7846,2.7046,0.0492,0.4012,0.2015,0.1033,1.185,1.03,,1.93,2.96,0.1021
3W01,Oak-Pine,Grassland,Woodland,1,3,,,8.4696,5.7505,2.7191,48.03,50.7273,2.6973,0.0475,0.402,0.2003,0.1055,1.3425,1.12,,1.87,2.99,0.0973
3W02,Oak-Pine,Grassland,Woodland,2,3,,,8.7375,5.7411,2.9964,47.81,50.6096,2.7996,0.0558,0.3828,0.2022,0.104,1.042,0.87,,1.87,2.74,0.0969
3W03,Oak-Pine,Grassland,Woodland,3,3,,,8.6748,5.955,2.7198,48.07,50.7863,2.7163,0.0524,0.4231,0.2103,0.0977,1.0829,0.91,,1.88,2.79,0.0979
3W04,Oak-Pine,Grassland,Woodland,4,3,,,7.7642,5.913,1.8512,48.18,50.0526,1.8726,0.0504,0.4076,0.2121,0.1077,0.7846,0.65,,1.89,2.54,0.1025
3P01,Oak-Pine,Grassland,Oak Pine,1,3,,,8.6319,6.0757,2.5562,48.82,51.381,2.561,0.0522,0.4014,0.202,0.1042,1.019,0.85,,1.88,2.73,0.1035
3P02,Oak-Pine,Grassland,Oak Pine,2,3,,,8.4258,5.8942,2.5316,48.71,51.254,2.544,0.0516,0.4114,0.2124,0.1012,1.0973,0.95,,1.84,2.79,0.101
3P03,Oak-Pine,Grassland,Oak Pine,3,3,,,8.5281,5.9793,2.5488,48.09,51.0604,2.9704,0.0507,0.407,0.2164,0.1006,1.045,0.9,,1.9,2.8,0.1015
3P04,Oak-Pine,Grassland,Oak Pine,4,3,,,8.3892,5.9155,2.4737,47.45,49.936,2.486,0.0562,0.4035,0.2053,0.1086,1.1865,0.99,,1.85,2.84,0.1101
3S01,Oak-Pine,Grassland,Subalpine,1,3,,,8.3905,5.6326,2.7579,47.33,50.0808,2.7508,0.0534,0.4273,0.208,0.1092,1.0808,0.9,,1.92,2.82,0.0994
3S02,Oak-Pine,Grassland,Subalpine,2,3,,,8.7155,6.0226,2.6929,48,50.6921,2.6921,0.0521,0.398,0.2119,0.108,1.0907,0.94,,1.85,2.79,0.1084
3S03,Oak-Pine,Grassland,Subalpine,3,3,,,8.3279,5.8821,2.4458,47.84,50.2991,2.4591,0.0501,0.4021,0.197,0.1049,1.0732,0.93,,1.86,2.79,0.1086
3S04,Oak-Pine,Grassland,Subalpine,4,3,,,8.5006,5.9719,2.5287,47.94,50.4778,2.5378,0.052,0.4287,0.2177,0.1048,1.0442,0.9,,1.86,2.76,0.0989
3C01,Oak-Pine,Grassland,,1,3,,,8.85,5.85,3,49.01,51.96,2.95,,,,0.11,1.01,0.84,,1.88,2.72,0.1
3C02,Oak-Pine,Grassland,,2,3,,,8.78,5.76,3.02,48.76,50.46,1.7,,,,0.1,1.09,1.06,,1.86,2.92,0.12
3C03,Oak-Pine,Grassland,,3,3,,,8.81,5.95,2.86,47.48,51.58,4.1,,,,0.11,1.23,0.91,,1.85,2.76,0.1
3C04,Oak-Pine,Grassland,,4,3,,,8.97,5.82,3.15,48.76,51.87,3.11,,,,0.11,1.23,1.05,,1.84,2.89,0.11
3N01,Oak-Pine,Grassland,,1,3,,,7.36,5.6,1.76,48.75,50.48,1.73,,,,0.1,1.04,0.89,,1.87,2.76,0.11
3N02,Oak-Pine,Grassland,,2,3,,,7.45,5.65,1.8,48.99,50.75,1.76,,,,0.11,1.14,0.96,,1.88,2.84,0.1
3N03,Oak-Pine,Grassland,,3,3,,,7.32,5.58,1.74,47.63,49.34,1.71,,,,0.1,1.08,0.91,,1.82,2.73,0.11
3N04,Oak-Pine,Grassland,,4,3,,,7.42,5.7,1.72,48.9,50.59,1.69,,,,0.13,1.11,0.94,,1.86,2.8,0.11
3L01,Oak-Pine,Grassland,,1,3,,,5.51,3.91,1.6,50.64,52.2,1.56,,,,0.1,1.05,0.89,,1.86,2.75,0.09
3L02,Oak-Pine,Grassland,,2,3,,,5.521,3.8715,1.6495,50.67,52.3141,1.6441,,,,0.1167,1.0476,0.9,,1.86,2.76,0.103
3L03,Oak-Pine,Grassland,,3,3,,,5.54,3.9,1.64,50.45,52.07,1.62,,,,0.11,1.09,0.94,,1.88,2.82,0.11
3L04,Oak-Pine,Grassland,,4,3,,,5.49,3.87,1.62,50.81,52.39,1.58,,,,0.09,1.03,0.89,,1.86,2.75,0.1
3C05,Oak-Pine,Grassland,,5,3,,,8.7223,5.9938,2.7285,48.05,50.8059,2.7559,,,,0.1197,,0.9842,,1.0258,2.01,0.1101
4D01,Woodland,Grassland,Desert,1,3,,,9.5522,6.0394,3.5128,50.43,53.8673,3.4373,0.0493,0.4115,0.209,0.1102,1.0237,0.85,,1.92,2.77,0.1037
4D02,Woodland,Grassland,Desert,2,3,,,9.6546,5.8303,3.8243,50.63,54.4289,3.7989,0.0532,0.4024,0.2015,0.105,1.0113,0.83,,1.84,2.67,0.1058
4D03,Woodland,Grassland,Desert,3,3,,,9.4232,5.8694,3.5538,50.7,54.2467,3.5467,0.051,0.407,0.206,0.101,1.0344,0.87,,1.86,2.73,0.1081
4D04,Woodland,Grassland,Desert,4,3,,,9.6572,5.9706,3.6866,50.74,54.4051,3.6651,0.051,0.41,0.2029,0.0974,1.0112,0.84,,1.85,2.69,0.1077
4G01,Woodland,Grassland,Grassland,1,3,,,9.38,5.6132,3.7668,50.49,53.6858,3.1958,0.0555,0.4015,0.2022,0.1158,1.0006,0.84,,1.88,2.72,0.1053
4G02,Woodland,Grassland,Grassland,2,3,,,9.8608,6.1637,3.6971,50.64,54.3039,3.6639,0.0539,0.4083,0.2051,0.1108,1.0483,0.89,,1.88,2.77,0.1007
4G03,Woodland,Grassland,Grassland,3,3,,,8.3597,6.0828,2.2769,50.67,52.9085,2.2385,0.511,0.4023,0.2077,0.1016,1.0724,0.91,,1.85,2.76,0.1022
4G04,Woodland,Grassland,Grassland,4,3,,,9.3868,6.4681,2.9187,50.86,53.7564,2.8964,0.528,0.4072,0.2087,0.1091,1.0434,0.87,,1.86,2.73,0.101
4W01,Woodland,Grassland,Woodland,1,3,,,9.1037,5.8434,3.2603,50.48,53.7307,3.2507,0.0509,0.4,0.2063,0.1003,1.0335,0.87,,1.88,2.75,0.1072
4W02,Woodland,Grassland,Woodland,2,3,,,9.7808,5.9348,3.846,50.64,54.5663,3.9263,0.055,0.4018,0.2009,0.1078,1.103,0.94,,1.9,2.84,0.1009
4W03,Woodland,Grassland,Woodland,3,3,,,8.4,6.0225,2.3775,50.51,53.3657,2.8557,0.0535,0.437,0.2137,0.1094,1.0042,0.84,,1.89,2.73,0.1069
4W04,Woodland,Grassland,Woodland,4,3,,,9.3008,5.8724,3.4284,50.52,53.8629,3.3429,0.0498,0.4055,0.2002,0.1036,1.0472,0.91,,1.89,2.8,0.1005
4P01,Woodland,Grassland,Oak Pine,1,3,,,9.5382,6.2907,3.2475,50.63,53.6803,3.0503,0.0521,0.442,0.1915,0.1233,1.1058,0.97,,1.84,2.81,0.0927
4P02,Woodland,Grassland,Oak Pine,2,3,,,9.7456,6.3501,3.3955,50.86,54.2651,3.4051,0.0522,0.4076,0.2045,0.1024,1.0061,0.83,,1.87,2.7,0.1106
4P03,Woodland,Grassland,Oak Pine,3,3,,,9.125,5.9324,3.1926,50.48,53.6569,3.1769,0.0512,0.4116,0.2058,0.1054,1.0094,0.85,,1.9,2.75,0.1039
4P04,Woodland,Grassland,Oak Pine,4,3,,,9.5826,6.186,3.3966,50.45,53.8041,3.3541,0.0562,0.4087,0.2003,0.1061,1.0621,0.89,,1.83,2.72,0.1136
4S01,Woodland,Grassland,Subalpine,1,3,,,9.1971,5.7233,3.4738,50.66,54.1138,3.4538,0.0519,0.4054,0.2005,0.1071,1.0568,0.91,,1.9,2.81,0.1016
4S02,Woodland,Grassland,Subalpine,2,3,,,9.5721,5.9944,3.5777,50.91,54.4796,3.5696,0.0512,0.4029,0.2015,0.1076,1.1074,0.93,,1.88,2.81,0.1101
4S03,Woodland,Grassland,Subalpine,3,3,,,9.0957,5.9416,3.1541,50.52,53.653,3.133,0.0497,0.4011,0.2003,0.1052,1.0466,0.88,,1.87,2.75,0.1038
4S04,Woodland,Grassland,Subalpine,4,3,,,9.4335,6.023,3.4105,50.81,54.1822,3.3722,0.05,0.4037,0.21,0.1108,1.0935,0.93,,1.88,2.81,0.1064
4C01,Woodland,Grassland,,1,3,,,9.86,6.37,3.49,50.59,53.86,3.27,,,,0.1,1.01,0.86,,1.9,2.76,0.1
4C02,Woodland,Grassland,,2,3,,,9.54,6.02,3.52,50.91,54.32,3.41,,,,0.11,1.03,0.89,,1.85,2.74,0.1
4C03,Woodland,Grassland,,3,3,,,9.37,5.88,3.49,50.71,58.16,7.45,,,,0.11,1.04,0.9,,1.9,2.8,0.11
4C04,Woodland,Grassland,,4,3,,,9.7164,6.2009,3.5155,50.34,53.8654,3.5254,,,,0.1026,1.001,0.83,,1.93,2.76,0.1004
4N01,Woodland,Grassland,,1,3,,,7.5174,5.8884,1.629,50.59,52.2161,1.6261,,,,0.1043,1.0844,0.93,,1.86,2.79,0.1009
4N02,Woodland,Grassland,,2,3,,,7.74,5.82,1.92,50.83,52.49,1.66,,,,0.11,1,0.86,,1.91,2.77,0.11
4N03,Woodland,Grassland,,3,3,,,7.58,5.86,1.72,50.86,52.53,1.67,,,,0.11,1.07,0.92,,1.88,2.8,0.11
4N04,Woodland,Grassland,,4,3,,,7.57,5.88,1.69,50.4,52.08,1.68,,,,0.1,1.03,0.89,,1.86,2.75,0.09
4L01,Woodland,Grassland,,1,3,,,5.18,3.69,1.49,50.52,51.91,1.39,,,,0.11,1.04,0.91,,1.86,2.77,0.11
4L02,Woodland,Grassland,,2,3,,,5.43,3.9,1.53,50.69,52.11,1.42,,,,0.11,1.02,0.92,,1.88,2.8,0.09
4L03,Woodland,Grassland,,3,3,,,5.6533,3.8544,1.7989,50.3,50.2262,,,,,0.1309,1.1073,0.98,,1.91,2.89,0.1171
4L04,Woodland,Grassland,,4,3,,,5.38,3.81,1.57,50.58,52.02,1.44,,,,0.11,1.05,0.94,,1.91,2.85,0.09
5D01,Subalpine,Grassland,Desert,1,3,,,8.973,5.695,3.278,50.63,53.77,3.14,0.0524,0.4391,0.2171,0.109,1.0812,0.9,,1.86,2.76,0.1122
5D02,Subalpine,Grassland,Desert,2,3,,,9.271,5.8533,3.4177,50.73,54.13,3.4,0.0485,0.3978,0.2229,0.1015,1.0021,0.83,,1.89,2.72,0.0934
5D03,Subalpine,Grassland,Desert,3,3,,,9.1537,5.827,3.3267,50.58,53.9316,3.3516,0.0472,0.4074,0.1878,0.1081,1.1163,0.92,,1.94,2.86,0.1052
5D04,Subalpine,Grassland,Desert,4,3,,,9.2468,5.7819,3.4649,50.45,53.89,3.44,0.0478,0.3986,0.201,0.11,1.1777,0.97,,1.93,2.9,0.0966
5G01,Subalpine,Grassland,Grassland,1,3,,,9.0465,5.9463,3.1002,48.12,51.2387,3.1187,0.052,0.4169,0.2285,0.0962,1.0345,0.85,,1.89,2.74,0.0917
5G02,Subalpine,Grassland,Grassland,2,3,,,8.9023,5.8156,3.0867,50.74,53.869,3.129,0.0473,0.4363,0.1824,0.0938,1.059,0.87,,1.9,2.77,0.1043
5G03,Subalpine,Grassland,Grassland,3,3,,,8.894,5.7518,3.1422,50.53,53.64,3.11,0.0506,0.3938,0.1941,0.0943,1.3247,1.08,,1.92,3,0.0943
5G04,Subalpine,Grassland,Grassland,4,3,,,9.0901,5.7915,3.2986,50.69,53.97,3.28,0.0488,0.3906,0.2238,0.1,1.1301,0.93,,1.9,2.83,0.1074
5W01,Subalpine,Grassland,Woodland,1,3,,,8.8215,5.752,3.0695,50.88,53.93,3.05,0.0503,0.3866,0.2008,0.0957,1.1374,0.96,,1.89,2.85,0.1004
5W02,Subalpine,Grassland,Woodland,2,3,,,8.9572,5.7857,3.1715,50.54,53.68,3.14,0.0535,0.4455,0.195,0.1089,1.0219,0.83,,1.88,2.71,0.1013
5W03,Subalpine,Grassland,Woodland,3,3,,,8.7933,5.6427,3.1506,50.49,53.61,3.12,0.0498,0.406,0.2032,0.1026,1.1316,0.96,,1.9,2.86,0.1052
5W04,Subalpine,Grassland,Woodland,4,3,,,8.8596,5.8375,3.0221,50.39,53.38,2.99,0.0494,0.3944,0.2108,0.1021,1.079,0.91,,1.89,2.8,0.0935
5P01,Subalpine,Grassland,Oak Pine,1,3,,,8.8005,5.7932,3.0073,50.66,53.64,2.98,0.0493,0.4119,0.2091,0.1271,1.0152,0.85,,1.92,2.77,0.1031
5P02,Subalpine,Grassland,Oak Pine,2,3,,,8.8136,5.3822,3.4314,50.37,51.03,0.66,0.0526,0.4876,0.2625,0.1212,1.0101,0.9,,1.9,2.8,0.1036
5P03,Subalpine,Grassland,Oak Pine,3,3,,,8.583,5.8143,2.7687,48.13,53.09,4.96,0.0518,0.3941,0.2316,0.1281,1.0719,0.83,,1.9,2.73,0.1143
5P04,Subalpine,Grassland,Oak Pine,4,3,,,9.1306,5.9709,3.1597,47.34,50.46,3.12,0.051,0.406,0.241,0.1043,1.0288,0.86,,1.93,2.79,0.1024
5S01,Subalpine,Grassland,Subalpine,1,3,,,8.5083,5.702,2.8063,50.87,53.62,2.75,0.0526,0.4514,0.2059,0.0923,1.0632,0.88,,1.9,2.78,0.1
5S02,Subalpine,Grassland,Subalpine,2,3,,,9.0262,6.0492,2.977,48.96,51.9507,2.9907,0.0487,0.4151,0.2031,0.0924,1.0349,0.86,,1.88,2.74,0.1074
5S03,Subalpine,Grassland,Subalpine,3,3,,,8.9029,5.7086,3.1943,50.65,53.8672,3.2172,0.0556,0.3821,0.2057,0.098,1.0572,0.85,,1.91,2.76,0.0996
5S04,Subalpine,Grassland,Subalpine,4,3,,,8.9086,5.8467,3.0619,50.41,53.45,3.04,0.0478,0.4415,0.2058,0.0936,1.392,1.16,,1.9,3.06,0.0999
5C01,Subalpine,Grassland,,1,3,,,8.866,5.6854,3.1806,50.73,53.71,2.98,,,,0.1008,1.0612,0.88,,1.9,2.78,1.004
5C02,Subalpine,Grassland,,2,3,,,8.97,5.9462,3.0238,50.77,53.76,2.99,,,,0.105,1.054,0.89,,1.84,2.73,0.106
5C03,Subalpine,Grassland,,3,3,,,9.1869,5.942,3.2449,50.53,53.79,3.26,,,,0.1062,1.1493,1,,1.85,2.85,0.1066
5C04,Subalpine,Grassland,,4,3,,,9.2472,5.9311,3.3161,47.6,50.91,3.31,,,,0.1153,1.0629,0.93,,1.89,2.82,0.1009
5N01,Subalpine,Grassland,,1,3,,,7.5306,5.7199,1.8107,50.76,52.52,1.76,,,,0.1148,1.32,0.98,,1.88,2.86,0.1136
5N02,Subalpine,Grassland,,2,3,,,7.5894,5.778,1.8114,50.85,52.61,1.76,,,,0.1072,1.0297,0.88,,1.89,2.77,0.1074
5N03,Subalpine,Grassland,,3,3,,,7.4914,5.6622,1.8292,50.72,52.49,1.77,,,,0.103,1.0654,0.92,,1.82,2.74,0.1034
5N04,Subalpine,Grassland,,4,3,,,7.5732,5.7608,1.8124,50.74,52.5,1.76,,,,0.109,1.1306,0.96,,1.87,2.83,0.1072
5L01,Subalpine,Grassland,,1,3,,,5.499,3.8984,1.6006,50.75,52.37,1.62,,,,0.102,1.12,1.01,,1.86,2.87,0.1103
5L02,Subalpine,Grassland,,2,3,,,5.7057,3.423,2.2827,50.61,52.31,1.7,,,,0.1059,1.1065,0.97,,1.88,2.85,0.1093
5L03,Subalpine,Grassland,,3,3,,,5.437,3.8758,1.5612,50.37,51.9,1.53,,,,0.1069,1.16,1.09,,1.86,2.95,0.1053
5L04,Subalpine,Grassland,,4,3,,,5.587,3.9859,1.6011,50.57,52.1979,1.6279,,,,0.1038,1.1353,1.01,,1.9,2.91,0.1117
